Combination,RCE,Unavailability,Best Redundancy,Best Combination,Before Redundancy RCE
"[[1, 2, 3, 4, 5, 6, 7, 8, 9, 10]]",0.06981765085434212,3.6092041478696935e-05,"(4, 4, 4, 4)","[[1], [2], [3], [4, 5, 6, 7, 8, 9, 10]]",0.022109754774756817
"[[1], [2, 3, 4, 5, 6, 7, 8, 9, 10]]",0.03688480104223252,3.6092041478696935e-05,"(4, 4, 4, 4)","[[1], [2], [3, 4, 5, 6, 7, 8, 9], [10]]",0.022109754774756817
"[[1, 2], [3, 4, 5, 6, 7, 8, 9, 10]]",0.031072603900176063,3.6092041478696935e-05,"(4, 4, 4, 4)","[[1], [2, 3, 4, 5, 6, 7, 8], [9], [10]]",0.022109754774756775
"[[1, 2, 3], [4, 5, 6, 7, 8, 9, 10]]",0.02775435540861891,3.6092041478696935e-05,"(4, 4, 4, 4)","[[1, 2, 3, 4, 5, 6, 7], [8], [9], [10]]",0.022109754774756775
"[[1, 2, 3, 4], [5, 6, 7, 8, 9, 10]]",0.025919662241479752,2.386687124089626e-05,"(4, 4, 4)","[[1], [2, 3, 4, 5, 6, 7], [8, 9, 10]]",0.021931082141826357
"[[1, 2, 3, 4, 5], [6, 7, 8, 9, 10]]",0.025327690559590627,2.386687124089626e-05,"(4, 4, 4)","[[1, 2, 3, 4, 5, 6], [7], [8, 9, 10]]",0.021931082141826357
"[[1, 2, 3, 4, 5, 6], [7, 8, 9, 10]]",0.025919662241479752,2.386687124089626e-05,"(4, 4, 4)","[[1], [2, 3, 4], [5, 6, 7, 8, 9, 10]]",0.02193108214182635
"[[1, 2, 3, 4, 5, 6, 7], [8, 9, 10]]",0.02775435540861891,2.386687124089626e-05,"(4, 4, 4)","[[1, 2, 3], [4], [5, 6, 7, 8, 9, 10]]",0.02193108214182635
"[[1, 2, 3, 4, 5, 6, 7, 8], [9, 10]]",0.031072603900176063,2.386687124089626e-05,"(4, 4, 4)","[[1, 2, 3], [4, 5, 6, 7, 8, 9], [10]]",0.021931082141826333
"[[1, 2, 3, 4, 5, 6, 7, 8, 9], [10]]",0.03688480104223252,2.386687124089626e-05,"(4, 4, 4)","[[1, 2, 3, 4, 5, 6], [7, 8, 9], [10]]",0.021931082141826333
"[[1], [2], [3, 4, 5, 6, 7, 8, 9, 10]]",0.026719853332549937,2.5377577997365286e-05,"(3, 4, 4)","[[1], [2, 3, 4, 5, 6], [7, 8, 9, 10]]",0.021178907146612858
"[[1], [2, 3], [4, 5, 6, 7, 8, 9, 10]]",0.023565512749656268,2.5377577997365286e-05,"(4, 3, 4)","[[1, 2, 3, 4, 5], [6], [7, 8, 9, 10]]",0.021178907146612858
"[[1], [2, 3, 4], [5, 6, 7, 8, 9, 10]]",0.02193108214182635,2.5377577997476308e-05,"(3, 4, 4)","[[1], [2, 3, 4, 5], [6, 7, 8, 9, 10]]",0.02117890714661282
"[[1], [2, 3, 4, 5], [6, 7, 8, 9, 10]]",0.02117890714661282,2.5377577997476308e-05,"(4, 3, 4)","[[1, 2, 3, 4], [5], [6, 7, 8, 9, 10]]",0.02117890714661282
"[[1], [2, 3, 4, 5, 6], [7, 8, 9, 10]]",0.021178907146612858,2.5377577997365286e-05,"(4, 4, 3)","[[1, 2, 3, 4], [5, 6, 7, 8, 9], [10]]",0.0211789071466128
"[[1], [2, 3, 4, 5, 6, 7], [8, 9, 10]]",0.021931082141826357,2.5377577997365286e-05,"(4, 4, 3)","[[1, 2, 3, 4, 5], [6, 7, 8, 9], [10]]",0.0211789071466128
"[[1], [2, 3, 4, 5, 6, 7, 8], [9, 10]]",0.02356551274965625,4.827761641257311e-05,"(3, 4, 4)","[[1, 2], [3, 4, 5, 6, 7, 8], [9, 10]]",0.020966785563360426
"[[1], [2, 3, 4, 5, 6, 7, 8, 9], [10]]",0.02671985333254984,4.827761641257311e-05,"(4, 3, 4)","[[1, 2, 3, 4, 5, 6], [7, 8], [9, 10]]",0.020966785563360426
"[[1, 2], [3], [4, 5, 6, 7, 8, 9, 10]]",0.023565512749656268,4.827761641257311e-05,"(3, 4, 4)","[[1, 2], [3, 4], [5, 6, 7, 8, 9, 10]]",0.02096678556336042
"[[1, 2], [3, 4], [5, 6, 7, 8, 9, 10]]",0.02096678556336042,5.553650572132085e-05,"(3, 4, 3, 4)","[[1], [2], [3, 4], [5, 6, 7, 8, 9, 10]]",0.020180199838932152
"[[1, 2], [3, 4, 5], [6, 7, 8, 9, 10]]",0.019791077450628813,5.553650572132085e-05,"(3, 4, 3, 4)","[[1], [2, 3, 4, 5, 6, 7], [8, 9], [10]]",0.020180199838932142
"[[1, 2], [3, 4, 5, 6], [7, 8, 9, 10]]",0.019429603765462156,5.553650572132085e-05,"(4, 3, 3, 4)","[[1, 2, 3, 4, 5, 6], [7], [8, 9], [10]]",0.020180199838932142
"[[1, 2], [3, 4, 5, 6, 7], [8, 9, 10]]",0.019791077450628834,5.553650572132085e-05,"(3, 4, 4, 3)","[[1], [2], [3, 4, 5, 6, 7, 8], [9, 10]]",0.02018019983893214
"[[1, 2], [3, 4, 5, 6, 7, 8], [9, 10]]",0.020966785563360426,5.553650572132085e-05,"(3, 3, 4, 4)","[[1], [2, 3], [4], [5, 6, 7, 8, 9, 10]]",0.020180199838932135
"[[1, 2], [3, 4, 5, 6, 7, 8, 9], [10]]",0.02356551274965619,5.553650572132085e-05,"(3, 3, 4, 4)","[[1], [2, 3], [4, 5, 6, 7, 8, 9], [10]]",0.020180199838932135
"[[1, 2, 3], [4], [5, 6, 7, 8, 9, 10]]",0.02193108214182635,5.553650572132085e-05,"(3, 3, 4, 4)","[[1, 2], [3], [4], [5, 6, 7, 8, 9, 10]]",0.020180199838932135
"[[1, 2, 3], [4, 5], [6, 7, 8, 9, 10]]",0.019791077450628813,5.553650572132085e-05,"(3, 3, 4, 4)","[[1, 2], [3], [4, 5, 6, 7, 8, 9], [10]]",0.020180199838932135
"[[1, 2, 3], [4, 5, 6], [7, 8, 9, 10]]",0.0190060706479441,5.553650572143187e-05,"(3, 4, 3, 4)","[[1, 2], [3, 4, 5, 6, 7, 8], [9], [10]]",0.020180199838932125
"[[1, 2, 3], [4, 5, 6, 7], [8, 9, 10]]",0.019006070647944084,5.553650572143187e-05,"(4, 3, 3, 4)","[[1, 2, 3, 4, 5, 6], [7, 8], [9], [10]]",0.020180199838932125
"[[1, 2, 3], [4, 5, 6, 7, 8], [9, 10]]",0.01979107745062883,5.553650572132085e-05,"(3, 4, 4, 3)","[[1], [2, 3, 4, 5, 6, 7], [8], [9, 10]]",0.020180199838932055
"[[1, 2, 3], [4, 5, 6, 7, 8, 9], [10]]",0.021931082141826333,5.553650572132085e-05,"(4, 3, 4, 3)","[[1, 2, 3, 4, 5, 6], [7], [8], [9, 10]]",0.020180199838932055
"[[1, 2, 3, 4], [5], [6, 7, 8, 9, 10]]",0.02117890714661282,9.91073588587632e-05,"(3, 4, 3)","[[1, 2], [3, 4, 5, 6, 7], [8, 9, 10]]",0.019791077450628834
"[[1, 2, 3, 4], [5, 6], [7, 8, 9, 10]]",0.019429603765462156,9.91073588587632e-05,"(4, 3, 3)","[[1, 2, 3, 4, 5], [6, 7], [8, 9, 10]]",0.019791077450628834
"[[1, 2, 3, 4], [5, 6, 7], [8, 9, 10]]",0.019006070647944084,9.910735885887423e-05,"(3, 4, 3)","[[1, 2, 3], [4, 5, 6, 7, 8], [9, 10]]",0.01979107745062883
"[[1, 2, 3, 4], [5, 6, 7, 8], [9, 10]]",0.019429603765462114,9.910735885887423e-05,"(4, 3, 3)","[[1, 2, 3, 4, 5], [6, 7, 8], [9, 10]]",0.01979107745062883
"[[1, 2, 3, 4], [5, 6, 7, 8, 9], [10]]",0.0211789071466128,9.910735885887423e-05,"(3, 3, 4)","[[1, 2], [3, 4, 5], [6, 7, 8, 9, 10]]",0.019791077450628813
"[[1, 2, 3, 4, 5], [6], [7, 8, 9, 10]]",0.021178907146612858,9.910735885887423e-05,"(3, 3, 4)","[[1, 2, 3], [4, 5], [6, 7, 8, 9, 10]]",0.019791077450628813
"[[1, 2, 3, 4, 5], [6, 7], [8, 9, 10]]",0.019791077450628834,5.2820656490149e-05,"(3, 3, 3, 3, 4)","[[1], [2], [3], [4], [5, 6, 7, 8, 9, 10]]",0.019635708626478805
"[[1, 2, 3, 4, 5], [6, 7, 8], [9, 10]]",0.01979107745062883,5.2820656490149e-05,"(3, 3, 3, 4, 3)","[[1], [2], [3], [4, 5, 6, 7, 8, 9], [10]]",0.019635708626478805
"[[1, 2, 3, 4, 5], [6, 7, 8, 9], [10]]",0.0211789071466128,5.2820656490149e-05,"(3, 3, 4, 3, 3)","[[1], [2], [3, 4, 5, 6, 7, 8], [9], [10]]",0.019635708626478794
"[[1, 2, 3, 4, 5, 6], [7], [8, 9, 10]]",0.021931082141826357,5.2820656490149e-05,"(3, 4, 3, 3, 3)","[[1], [2, 3, 4, 5, 6, 7], [8], [9], [10]]",0.019635708626478725
"[[1, 2, 3, 4, 5, 6], [7, 8], [9, 10]]",0.020966785563360426,5.2820656490149e-05,"(4, 3, 3, 3, 3)","[[1, 2, 3, 4, 5, 6], [7], [8], [9], [10]]",0.019635708626478725
"[[1, 2, 3, 4, 5, 6], [7, 8, 9], [10]]",0.021931082141826333,0.0001496869746865359,"(3, 3, 4)","[[1, 2], [3, 4, 5, 6], [7, 8, 9, 10]]",0.019429603765462156
"[[1, 2, 3, 4, 5, 6, 7], [8], [9, 10]]",0.02356551274965625,0.0001496869746865359,"(3, 3, 4)","[[1, 2, 3, 4], [5, 6], [7, 8, 9, 10]]",0.019429603765462156
"[[1, 2, 3, 4, 5, 6, 7], [8, 9], [10]]",0.02356551274965619,0.0001496869746865359,"(3, 4, 3)","[[1, 2, 3, 4], [5, 6, 7, 8], [9, 10]]",0.019429603765462114
"[[1, 2, 3, 4, 5, 6, 7, 8], [9], [10]]",0.02671985333254984,8.866853653077822e-05,"(3, 3, 3, 4)","[[1], [2], [3, 4, 5], [6, 7, 8, 9, 10]]",0.019307236565228952
"[[1], [2], [3], [4, 5, 6, 7, 8, 9, 10]]",0.022109754774756817,8.866853653077822e-05,"(3, 3, 3, 4)","[[1], [2, 3, 4], [5], [6, 7, 8, 9, 10]]",0.019307236565228952
"[[1], [2], [3, 4], [5, 6, 7, 8, 9, 10]]",0.020180199838932152,8.866853653077822e-05,"(3, 3, 3, 4)","[[1, 2, 3], [4], [5], [6, 7, 8, 9, 10]]",0.019307236565228952
"[[1], [2], [3, 4, 5], [6, 7, 8, 9, 10]]",0.019307236565228952,8.866853653077822e-05,"(3, 3, 4, 3)","[[1], [2, 3, 4], [5, 6, 7, 8, 9], [10]]",0.019307236565228945
"[[1], [2], [3, 4, 5, 6], [7, 8, 9, 10]]",0.019038842353992724,8.866853653077822e-05,"(3, 4, 3, 3)","[[1], [2, 3, 4, 5, 6], [7, 8, 9], [10]]",0.019307236565228945
"[[1], [2], [3, 4, 5, 6, 7], [8, 9, 10]]",0.019307236565228942,8.866853653077822e-05,"(3, 3, 4, 3)","[[1, 2, 3], [4], [5, 6, 7, 8, 9], [10]]",0.019307236565228945
"[[1], [2], [3, 4, 5, 6, 7, 8], [9, 10]]",0.02018019983893214,8.866853653077822e-05,"(4, 3, 3, 3)","[[1, 2, 3, 4, 5], [6], [7, 8, 9], [10]]",0.019307236565228945
"[[1], [2], [3, 4, 5, 6, 7, 8, 9], [10]]",0.022109754774756817,8.866853653077822e-05,"(3, 3, 4, 3)","[[1], [2], [3, 4, 5, 6, 7], [8, 9, 10]]",0.019307236565228942
"[[1], [2, 3], [4], [5, 6, 7, 8, 9, 10]]",0.020180199838932135,8.866853653088924e-05,"(3, 4, 3, 3)","[[1], [2, 3, 4, 5, 6], [7], [8, 9, 10]]",0.019307236565228942
"[[1], [2, 3], [4, 5], [6, 7, 8, 9, 10]]",0.018591246355717912,8.866853653088924e-05,"(4, 3, 3, 3)","[[1, 2, 3, 4, 5], [6], [7], [8, 9, 10]]",0.019307236565228942
"[[1], [2, 3], [4, 5, 6], [7, 8, 9, 10]]",0.018008378804724556,8.866853653077822e-05,"(3, 4, 3, 3)","[[1, 2, 3], [4, 5, 6, 7, 8], [9], [10]]",0.019307236565228914
"[[1], [2, 3], [4, 5, 6, 7], [8, 9, 10]]",0.0180083788047245,8.866853653077822e-05,"(4, 3, 3, 3)","[[1, 2, 3, 4, 5], [6, 7, 8], [9], [10]]",0.019307236565228914
"[[1], [2, 3], [4, 5, 6, 7, 8], [9, 10]]",0.018591246355717912,0.00024346304154421183,"(3, 4, 3, 3)","[[1], [2], [3, 4, 5, 6], [7, 8, 9, 10]]",0.019038842353992724
"[[1], [2, 3], [4, 5, 6, 7, 8, 9], [10]]",0.020180199838932135,0.00024346304154421183,"(3, 3, 3, 4)","[[1], [2, 3, 4, 5], [6, 7, 8, 9], [10]]",0.019038842353992676
"[[1], [2, 3, 4], [5], [6, 7, 8, 9, 10]]",0.019307236565228952,0.00024346304154421183,"(3, 3, 3, 4)","[[1, 2, 3, 4], [5], [6, 7, 8, 9], [10]]",0.019038842353992676
"[[1], [2, 3, 4], [5, 6], [7, 8, 9, 10]]",0.01800837880472456,0.00024346304154421183,"(4, 3, 3, 3)","[[1], [2, 3, 4, 5], [6], [7, 8, 9, 10]]",0.019038842353992655
"[[1], [2, 3, 4], [5, 6, 7], [8, 9, 10]]",0.017693905464967366,0.00024346304154421183,"(3, 4, 3, 3)","[[1, 2, 3, 4], [5], [6], [7, 8, 9, 10]]",0.019038842353992655
"[[1], [2, 3, 4], [5, 6, 7, 8], [9, 10]]",0.01800837880472447,0.00024346304154421183,"(3, 3, 3, 4)","[[1, 2, 3, 4], [5, 6, 7, 8], [9], [10]]",0.019038842353992644
"[[1], [2, 3, 4], [5, 6, 7, 8, 9], [10]]",0.019307236565228945,0.00012812817103091678,"(3, 3, 4)","[[1, 2, 3], [4, 5, 6], [7, 8, 9, 10]]",0.0190060706479441
"[[1], [2, 3, 4, 5], [6], [7, 8, 9, 10]]",0.019038842353992655,0.00012812817103091678,"(3, 4, 3)","[[1, 2, 3], [4, 5, 6, 7], [8, 9, 10]]",0.019006070647944084
"[[1], [2, 3, 4, 5], [6, 7], [8, 9, 10]]",0.01800837880472452,0.00012812817103091678,"(4, 3, 3)","[[1, 2, 3, 4], [5, 6, 7], [8, 9, 10]]",0.019006070647944084
"[[1], [2, 3, 4, 5], [6, 7, 8], [9, 10]]",0.018008378804724508,0.00025295253041768273,"(3, 3, 3, 4)","[[1, 2], [3, 4, 5, 6, 7], [8, 9], [10]]",0.01859124635571801
"[[1], [2, 3, 4, 5], [6, 7, 8, 9], [10]]",0.019038842353992676,0.00025295253041768273,"(3, 3, 3, 4)","[[1, 2, 3, 4, 5], [6, 7], [8, 9], [10]]",0.01859124635571801
"[[1], [2, 3, 4, 5, 6], [7], [8, 9, 10]]",0.019307236565228942,0.00025295253041768273,"(3, 3, 3, 4)","[[1, 2], [3, 4], [5, 6, 7, 8, 9], [10]]",0.018591246355717995
"[[1], [2, 3, 4, 5, 6], [7, 8], [9, 10]]",0.01859124635571791,0.00025295253041779375,"(3, 3, 4, 3)","[[1, 2], [3, 4], [5], [6, 7, 8, 9, 10]]",0.01859124635571796
"[[1], [2, 3, 4, 5, 6], [7, 8, 9], [10]]",0.019307236565228945,0.00025295253041768273,"(4, 3, 3, 3)","[[1], [2, 3], [4, 5], [6, 7, 8, 9, 10]]",0.018591246355717912
"[[1], [2, 3, 4, 5, 6, 7], [8], [9, 10]]",0.020180199838932055,0.00025295253041768273,"(4, 3, 3, 3)","[[1], [2, 3], [4, 5, 6, 7, 8], [9, 10]]",0.018591246355717912
"[[1], [2, 3, 4, 5, 6, 7], [8, 9], [10]]",0.020180199838932142,0.00025295253041768273,"(3, 4, 3, 3)","[[1, 2], [3], [4, 5], [6, 7, 8, 9, 10]]",0.018591246355717912
"[[1], [2, 3, 4, 5, 6, 7, 8], [9], [10]]",0.022109754774756775,0.00025295253041768273,"(3, 4, 3, 3)","[[1, 2], [3], [4, 5, 6, 7, 8], [9, 10]]",0.018591246355717912
"[[1, 2], [3], [4], [5, 6, 7, 8, 9, 10]]",0.020180199838932135,0.00025295253041768273,"(4, 3, 3, 3)","[[1], [2, 3, 4, 5, 6], [7, 8], [9, 10]]",0.01859124635571791
"[[1, 2], [3], [4, 5], [6, 7, 8, 9, 10]]",0.018591246355717912,0.00025295253041768273,"(3, 4, 3, 3)","[[1, 2, 3, 4, 5], [6], [7, 8], [9, 10]]",0.01859124635571791
"[[1, 2], [3], [4, 5, 6], [7, 8, 9, 10]]",0.018008378804724556,0.00025295253041768273,"(3, 3, 4, 3)","[[1, 2], [3, 4, 5, 6, 7], [8], [9, 10]]",0.018591246355717902
"[[1, 2], [3], [4, 5, 6, 7], [8, 9, 10]]",0.0180083788047245,0.00025295253041768273,"(3, 3, 4, 3)","[[1, 2, 3, 4, 5], [6, 7], [8], [9, 10]]",0.018591246355717902
"[[1, 2], [3], [4, 5, 6, 7, 8], [9, 10]]",0.018591246355717912,0.0002502372173684986,"(3, 3, 3, 3, 3)","[[1], [2], [3], [4, 5], [6, 7, 8, 9, 10]]",0.01837725746777319
"[[1, 2], [3], [4, 5, 6, 7, 8, 9], [10]]",0.020180199838932135,0.0002502372173684986,"(3, 3, 3, 3, 3)","[[1], [2], [3, 4], [5], [6, 7, 8, 9, 10]]",0.01837725746777319
"[[1, 2], [3, 4], [5], [6, 7, 8, 9, 10]]",0.01859124635571796,0.0002502372173684986,"(3, 3, 3, 3, 3)","[[1], [2], [3, 4, 5, 6, 7], [8, 9], [10]]",0.01837725746777319
"[[1, 2], [3, 4], [5, 6], [7, 8, 9, 10]]",0.01729238859521356,0.0002502372173684986,"(3, 3, 3, 3, 3)","[[1], [2, 3, 4, 5, 6], [7], [8, 9], [10]]",0.01837725746777319
"[[1, 2], [3, 4], [5, 6, 7], [8, 9, 10]]",0.016977915255456416,0.0002502372173684986,"(3, 3, 3, 3, 3)","[[1, 2, 3, 4, 5], [6], [7], [8, 9], [10]]",0.01837725746777319
"[[1, 2], [3, 4], [5, 6, 7, 8], [9, 10]]",0.017292388595213527,0.0002502372173684986,"(3, 3, 3, 3, 3)","[[1], [2, 3], [4], [5], [6, 7, 8, 9, 10]]",0.018377257467773172
"[[1, 2], [3, 4], [5, 6, 7, 8, 9], [10]]",0.018591246355717995,0.0002502372173684986,"(3, 3, 3, 3, 3)","[[1, 2], [3], [4], [5], [6, 7, 8, 9, 10]]",0.018377257467773172
"[[1, 2], [3, 4, 5], [6], [7, 8, 9, 10]]",0.018008378804724546,0.00025023721736838755,"(3, 3, 3, 3, 3)","[[1], [2], [3], [4, 5, 6, 7, 8], [9, 10]]",0.018377257467773165
"[[1, 2], [3, 4, 5], [6, 7], [8, 9, 10]]",0.016977915255456402,0.0002502372173684986,"(3, 3, 3, 3, 3)","[[1], [2], [3, 4], [5, 6, 7, 8, 9], [10]]",0.018377257467773155
"[[1, 2], [3, 4, 5], [6, 7, 8], [9, 10]]",0.016977915255456364,0.00025023721736838755,"(3, 3, 3, 3, 3)","[[1], [2], [3, 4, 5, 6, 7], [8], [9, 10]]",0.01837725746777314
"[[1, 2], [3, 4, 5], [6, 7, 8, 9], [10]]",0.01800837880472453,0.0002502372173684986,"(3, 3, 3, 3, 3)","[[1], [2, 3], [4], [5, 6, 7, 8, 9], [10]]",0.01837725746777314
"[[1, 2], [3, 4, 5, 6], [7], [8, 9, 10]]",0.018008378804724542,0.00025023721736838755,"(3, 3, 3, 3, 3)","[[1], [2, 3, 4, 5, 6], [7], [8], [9, 10]]",0.01837725746777314
"[[1, 2], [3, 4, 5, 6], [7, 8], [9, 10]]",0.01729238859521351,0.0002502372173684986,"(3, 3, 3, 3, 3)","[[1, 2], [3], [4], [5, 6, 7, 8, 9], [10]]",0.01837725746777314
"[[1, 2], [3, 4, 5, 6], [7, 8, 9], [10]]",0.018008378804724542,0.00025023721736838755,"(3, 3, 3, 3, 3)","[[1, 2, 3, 4, 5], [6], [7], [8], [9, 10]]",0.01837725746777314
"[[1, 2], [3, 4, 5, 6, 7], [8], [9, 10]]",0.018591246355717902,0.0002502372173684986,"(3, 3, 3, 3, 3)","[[1], [2, 3], [4, 5, 6, 7, 8], [9], [10]]",0.018377257467773134
"[[1, 2], [3, 4, 5, 6, 7], [8, 9], [10]]",0.01859124635571801,0.0002502372173684986,"(3, 3, 3, 3, 3)","[[1, 2], [3], [4, 5, 6, 7, 8], [9], [10]]",0.018377257467773134
"[[1, 2], [3, 4, 5, 6, 7, 8], [9], [10]]",0.020180199838932125,0.0002502372173684986,"(3, 3, 3, 3, 3)","[[1], [2, 3, 4, 5, 6], [7, 8], [9], [10]]",0.018377257467773127
"[[1, 2, 3], [4], [5], [6, 7, 8, 9, 10]]",0.019307236565228952,0.0002502372173684986,"(3, 3, 3, 3, 3)","[[1, 2, 3, 4, 5], [6], [7, 8], [9], [10]]",0.018377257467773127
"[[1, 2, 3], [4], [5, 6], [7, 8, 9, 10]]",0.01800837880472456,0.0002502372173684986,"(3, 3, 3, 3, 3)","[[1, 2], [3, 4, 5, 6, 7], [8], [9], [10]]",0.018377257467773123
"[[1, 2, 3], [4], [5, 6, 7], [8, 9, 10]]",0.017693905464967366,0.0002502372173684986,"(3, 3, 3, 3, 3)","[[1, 2, 3, 4, 5], [6, 7], [8], [9], [10]]",0.018377257467773123
"[[1, 2, 3], [4], [5, 6, 7, 8], [9, 10]]",0.01800837880472447,0.0010157281332593415,"(3, 3, 3, 2, 2, 3)","[[1], [2], [3], [4], [5], [6, 7, 8, 9, 10]]",0.01817495445299971
"[[1, 2, 3], [4], [5, 6, 7, 8, 9], [10]]",0.019307236565228945,0.0010157281332592305,"(3, 3, 3, 2, 3, 2)","[[1], [2], [3], [4], [5, 6, 7, 8, 9], [10]]",0.018174954452999607
"[[1, 2, 3], [4, 5], [6], [7, 8, 9, 10]]",0.018008378804724546,0.0010157281332592305,"(3, 3, 3, 3, 2, 2)","[[1], [2], [3], [4, 5, 6, 7, 8], [9], [10]]",0.018174954452999607
"[[1, 2, 3], [4, 5], [6, 7], [8, 9, 10]]",0.016977915255456402,0.0010157281332592305,"(2, 2, 3, 3, 3, 3)","[[1], [2], [3, 4, 5, 6, 7], [8], [9], [10]]",0.01817495445299959
"[[1, 2, 3], [4, 5], [6, 7, 8], [9, 10]]",0.016977915255456364,0.0010157281332592305,"(2, 3, 2, 3, 3, 3)","[[1], [2, 3, 4, 5, 6], [7], [8], [9], [10]]",0.01817495445299959
"[[1, 2, 3], [4, 5], [6, 7, 8, 9], [10]]",0.01800837880472453,0.0010157281332592305,"(3, 2, 2, 3, 3, 3)","[[1, 2, 3, 4, 5], [6], [7], [8], [9], [10]]",0.01817495445299959
"[[1, 2, 3], [4, 5, 6], [7], [8, 9, 10]]",0.017693905464967366,0.0002129700653594746,"(3, 3, 3, 3)","[[1], [2, 3, 4], [5, 6], [7, 8, 9, 10]]",0.01800837880472456
"[[1, 2, 3], [4, 5, 6], [7, 8], [9, 10]]",0.016977915255456333,0.0002129700653594746,"(3, 3, 3, 3)","[[1, 2, 3], [4], [5, 6], [7, 8, 9, 10]]",0.01800837880472456
"[[1, 2, 3], [4, 5, 6], [7, 8, 9], [10]]",0.017693905464967366,0.0002129700653594746,"(3, 3, 3, 3)","[[1, 2, 3], [4, 5, 6, 7], [8, 9], [10]]",0.01800837880472456
"[[1, 2, 3], [4, 5, 6, 7], [8], [9, 10]]",0.018008378804724473,0.0002129700653594746,"(3, 3, 3, 3)","[[1, 2, 3, 4], [5, 6, 7], [8, 9], [10]]",0.01800837880472456
"[[1, 2, 3], [4, 5, 6, 7], [8, 9], [10]]",0.01800837880472456,0.0002129700653594746,"(3, 3, 3, 3)","[[1], [2, 3], [4, 5, 6], [7, 8, 9, 10]]",0.018008378804724556
"[[1, 2, 3], [4, 5, 6, 7, 8], [9], [10]]",0.019307236565228914,0.0002129700653594746,"(3, 3, 3, 3)","[[1, 2], [3], [4, 5, 6], [7, 8, 9, 10]]",0.018008378804724556
"[[1, 2, 3, 4], [5], [6], [7, 8, 9, 10]]",0.019038842353992655,0.0002129700653594746,"(3, 3, 3, 3)","[[1, 2], [3, 4, 5], [6], [7, 8, 9, 10]]",0.018008378804724546
"[[1, 2, 3, 4], [5], [6, 7], [8, 9, 10]]",0.01800837880472452,0.0002129700653594746,"(3, 3, 3, 3)","[[1, 2, 3], [4, 5], [6], [7, 8, 9, 10]]",0.018008378804724546
"[[1, 2, 3, 4], [5], [6, 7, 8], [9, 10]]",0.018008378804724508,0.0002129700653594746,"(3, 3, 3, 3)","[[1, 2], [3, 4, 5, 6], [7], [8, 9, 10]]",0.018008378804724542
"[[1, 2, 3, 4], [5], [6, 7, 8, 9], [10]]",0.019038842353992676,0.0002129700653594746,"(3, 3, 3, 3)","[[1, 2], [3, 4, 5, 6], [7, 8, 9], [10]]",0.018008378804724542
"[[1, 2, 3, 4], [5, 6], [7], [8, 9, 10]]",0.018008378804724542,0.0002129700653594746,"(3, 3, 3, 3)","[[1, 2, 3, 4], [5, 6], [7], [8, 9, 10]]",0.018008378804724542
"[[1, 2, 3, 4], [5, 6], [7, 8], [9, 10]]",0.01729238859521351,0.0002129700653594746,"(3, 3, 3, 3)","[[1, 2, 3, 4], [5, 6], [7, 8, 9], [10]]",0.018008378804724542
"[[1, 2, 3, 4], [5, 6], [7, 8, 9], [10]]",0.018008378804724542,0.0002129700653594746,"(3, 3, 3, 3)","[[1, 2], [3, 4, 5], [6, 7, 8, 9], [10]]",0.01800837880472453
"[[1, 2, 3, 4], [5, 6, 7], [8], [9, 10]]",0.018008378804724473,0.0002129700653594746,"(3, 3, 3, 3)","[[1, 2, 3], [4, 5], [6, 7, 8, 9], [10]]",0.01800837880472453
"[[1, 2, 3, 4], [5, 6, 7], [8, 9], [10]]",0.01800837880472456,0.0002129700653594746,"(3, 3, 3, 3)","[[1], [2, 3, 4, 5], [6, 7], [8, 9, 10]]",0.01800837880472452
"[[1, 2, 3, 4], [5, 6, 7, 8], [9], [10]]",0.019038842353992644,0.0002129700653594746,"(3, 3, 3, 3)","[[1, 2, 3, 4], [5], [6, 7], [8, 9, 10]]",0.01800837880472452
"[[1, 2, 3, 4, 5], [6], [7], [8, 9, 10]]",0.019307236565228942,0.00021297006535958563,"(3, 3, 3, 3)","[[1], [2, 3, 4, 5], [6, 7, 8], [9, 10]]",0.018008378804724508
"[[1, 2, 3, 4, 5], [6], [7, 8], [9, 10]]",0.01859124635571791,0.00021297006535958563,"(3, 3, 3, 3)","[[1, 2, 3, 4], [5], [6, 7, 8], [9, 10]]",0.018008378804724508
"[[1, 2, 3, 4, 5], [6], [7, 8, 9], [10]]",0.019307236565228945,0.0002129700653594746,"(3, 3, 3, 3)","[[1], [2, 3], [4, 5, 6, 7], [8, 9, 10]]",0.0180083788047245
"[[1, 2, 3, 4, 5], [6, 7], [8], [9, 10]]",0.018591246355717902,0.0002129700653594746,"(3, 3, 3, 3)","[[1, 2], [3], [4, 5, 6, 7], [8, 9, 10]]",0.0180083788047245
"[[1, 2, 3, 4, 5], [6, 7], [8, 9], [10]]",0.01859124635571801,0.0002129700653594746,"(3, 3, 3, 3)","[[1, 2, 3], [4, 5, 6, 7], [8], [9, 10]]",0.018008378804724473
"[[1, 2, 3, 4, 5], [6, 7, 8], [9], [10]]",0.019307236565228914,0.0002129700653594746,"(3, 3, 3, 3)","[[1, 2, 3, 4], [5, 6, 7], [8], [9, 10]]",0.018008378804724473
"[[1, 2, 3, 4, 5, 6], [7], [8], [9, 10]]",0.020180199838932055,0.0002129700653594746,"(3, 3, 3, 3)","[[1], [2, 3, 4], [5, 6, 7, 8], [9, 10]]",0.01800837880472447
"[[1, 2, 3, 4, 5, 6], [7], [8, 9], [10]]",0.020180199838932142,0.0002129700653594746,"(3, 3, 3, 3)","[[1, 2, 3], [4], [5, 6, 7, 8], [9, 10]]",0.01800837880472447
"[[1, 2, 3, 4, 5, 6], [7, 8], [9], [10]]",0.020180199838932125,0.000590586282047223,"(2, 3, 3, 3, 3)","[[1], [2], [3], [4, 5, 6], [7, 8, 9, 10]]",0.01791562636738645
"[[1, 2, 3, 4, 5, 6, 7], [8], [9], [10]]",0.022109754774756775,0.0005905862820471119,"(3, 3, 3, 2, 3)","[[1], [2], [3, 4, 5], [6], [7, 8, 9, 10]]",0.01791562636738645
"[[1], [2], [3], [4], [5, 6, 7, 8, 9, 10]]",0.019635708626478805,0.0005905862820471119,"(3, 3, 3, 2, 3)","[[1], [2, 3, 4], [5], [6], [7, 8, 9, 10]]",0.01791562636738645
"[[1], [2], [3], [4, 5], [6, 7, 8, 9, 10]]",0.01837725746777319,0.0005905862820471119,"(3, 3, 3, 2, 3)","[[1, 2, 3], [4], [5], [6], [7, 8, 9, 10]]",0.01791562636738645
"[[1], [2], [3], [4, 5, 6], [7, 8, 9, 10]]",0.01791562636738645,0.0005905862820471119,"(3, 3, 3, 3, 2)","[[1], [2], [3, 4, 5, 6], [7, 8, 9], [10]]",0.017915626367386438
"[[1], [2], [3], [4, 5, 6, 7], [8, 9, 10]]",0.017915626367386295,0.0005905862820471119,"(2, 3, 3, 3, 3)","[[1], [2], [3, 4, 5], [6, 7, 8, 9], [10]]",0.017915626367386403
"[[1], [2], [3], [4, 5, 6, 7, 8], [9, 10]]",0.018377257467773165,0.0005905862820471119,"(2, 3, 3, 3, 3)","[[1], [2, 3, 4], [5], [6, 7, 8, 9], [10]]",0.017915626367386403
"[[1], [2], [3], [4, 5, 6, 7, 8, 9], [10]]",0.019635708626478805,0.0005905862820471119,"(3, 2, 3, 3, 3)","[[1, 2, 3], [4], [5], [6, 7, 8, 9], [10]]",0.017915626367386403
"[[1], [2], [3, 4], [5], [6, 7, 8, 9, 10]]",0.01837725746777319,0.0005905862820471119,"(2, 3, 3, 3, 3)","[[1], [2, 3, 4, 5], [6], [7, 8, 9], [10]]",0.017915626367386382
"[[1], [2], [3, 4], [5, 6], [7, 8, 9, 10]]",0.017348562121453744,0.0005905862820471119,"(3, 2, 3, 3, 3)","[[1, 2, 3, 4], [5], [6], [7, 8, 9], [10]]",0.017915626367386382
"[[1], [2], [3, 4], [5, 6, 7], [8, 9, 10]]",0.017099499236365993,0.0005905862820471119,"(2, 3, 3, 3, 3)","[[1], [2, 3, 4, 5], [6, 7, 8], [9], [10]]",0.017915626367386344
"[[1], [2], [3, 4], [5, 6, 7, 8], [9, 10]]",0.017348562121453692,0.0005905862820471119,"(3, 2, 3, 3, 3)","[[1, 2, 3, 4], [5], [6, 7, 8], [9], [10]]",0.017915626367386344
"[[1], [2], [3, 4], [5, 6, 7, 8, 9], [10]]",0.018377257467773155,0.0005905862820471119,"(3, 3, 3, 2, 3)","[[1], [2], [3, 4, 5, 6], [7], [8, 9, 10]]",0.01791562636738634
"[[1], [2], [3, 4, 5], [6], [7, 8, 9, 10]]",0.01791562636738645,0.0005905862820471119,"(3, 3, 2, 3, 3)","[[1, 2, 3], [4, 5, 6, 7], [8], [9], [10]]",0.01791562636738632
"[[1], [2], [3, 4, 5], [6, 7], [8, 9, 10]]",0.017099499236365966,0.0005905862820471119,"(3, 3, 2, 3, 3)","[[1, 2, 3, 4], [5, 6, 7], [8], [9], [10]]",0.01791562636738632
"[[1], [2], [3, 4, 5], [6, 7, 8], [9, 10]]",0.017099499236366007,0.0005905862820471119,"(2, 3, 3, 3, 3)","[[1], [2, 3, 4], [5, 6, 7, 8], [9], [10]]",0.017915626367386316
"[[1], [2], [3, 4, 5], [6, 7, 8, 9], [10]]",0.017915626367386403,0.0005905862820471119,"(3, 2, 3, 3, 3)","[[1, 2, 3], [4], [5, 6, 7, 8], [9], [10]]",0.017915626367386316
"[[1], [2], [3, 4, 5, 6], [7], [8, 9, 10]]",0.01791562636738634,0.000590586282047223,"(2, 3, 3, 3, 3)","[[1], [2], [3], [4, 5, 6, 7], [8, 9, 10]]",0.017915626367386295
"[[1], [2], [3, 4, 5, 6], [7, 8], [9, 10]]",0.017348562121453727,0.0005905862820471119,"(2, 3, 3, 3, 3)","[[1], [2, 3, 4, 5], [6], [7], [8, 9, 10]]",0.017915626367386285
"[[1], [2], [3, 4, 5, 6], [7, 8, 9], [10]]",0.017915626367386438,0.0005905862820471119,"(3, 2, 3, 3, 3)","[[1, 2, 3, 4], [5], [6], [7], [8, 9, 10]]",0.017915626367386285
"[[1], [2], [3, 4, 5, 6, 7], [8], [9, 10]]",0.01837725746777314,0.0005794707924785536,"(2, 3, 3, 3)","[[1], [2, 3, 4], [5, 6, 7], [8, 9, 10]]",0.017693905464967366
"[[1], [2], [3, 4, 5, 6, 7], [8, 9], [10]]",0.01837725746777319,0.0005794707924785536,"(3, 2, 3, 3)","[[1, 2, 3], [4], [5, 6, 7], [8, 9, 10]]",0.017693905464967366
"[[1], [2], [3, 4, 5, 6, 7, 8], [9], [10]]",0.019635708626478794,0.0005794707924785536,"(3, 3, 2, 3)","[[1, 2, 3], [4, 5, 6], [7], [8, 9, 10]]",0.017693905464967366
"[[1], [2, 3], [4], [5], [6, 7, 8, 9, 10]]",0.018377257467773172,0.0005794707924785536,"(3, 3, 3, 2)","[[1, 2, 3], [4, 5, 6], [7, 8, 9], [10]]",0.017693905464967366
"[[1], [2, 3], [4], [5, 6], [7, 8, 9, 10]]",0.01734856212145373,0.0009618437367759913,"(3, 3, 2, 2, 3)","[[1, 2], [3, 4], [5], [6], [7, 8, 9, 10]]",0.017348562121453776
"[[1], [2, 3], [4], [5, 6, 7], [8, 9, 10]]",0.01709949923636598,0.0009618437367759913,"(2, 2, 3, 3, 3)","[[1], [2], [3, 4], [5, 6], [7, 8, 9, 10]]",0.017348562121453744
"[[1], [2, 3], [4], [5, 6, 7, 8], [9, 10]]",0.01734856212145368,0.0009618437367758803,"(2, 3, 3, 2, 3)","[[1], [2, 3], [4, 5], [6], [7, 8, 9, 10]]",0.01734856212145374
"[[1], [2, 3], [4], [5, 6, 7, 8, 9], [10]]",0.01837725746777314,0.0009618437367758803,"(3, 2, 3, 2, 3)","[[1, 2], [3], [4, 5], [6], [7, 8, 9, 10]]",0.01734856212145374
"[[1], [2, 3], [4, 5], [6], [7, 8, 9, 10]]",0.01734856212145374,0.0009618437367758803,"(2, 3, 2, 3, 3)","[[1], [2, 3], [4], [5, 6], [7, 8, 9, 10]]",0.01734856212145373
"[[1], [2, 3], [4, 5], [6, 7], [8, 9, 10]]",0.016532434990433265,0.0009618437367758803,"(3, 2, 2, 3, 3)","[[1, 2], [3], [4], [5, 6], [7, 8, 9, 10]]",0.01734856212145373
"[[1], [2, 3], [4, 5], [6, 7, 8], [9, 10]]",0.016532434990433286,0.0009618437367759913,"(3, 3, 2, 3, 2)","[[1, 2], [3, 4], [5], [6, 7, 8, 9], [10]]",0.01734856212145373
"[[1], [2, 3], [4, 5], [6, 7, 8, 9], [10]]",0.017348562121453696,0.0009618437367758803,"(2, 2, 3, 3, 3)","[[1], [2], [3, 4, 5, 6], [7, 8], [9, 10]]",0.017348562121453727
"[[1], [2, 3], [4, 5, 6], [7], [8, 9, 10]]",0.017099499236365952,0.0009618437367758803,"(3, 3, 2, 3, 2)","[[1, 2], [3, 4, 5, 6], [7], [8, 9], [10]]",0.017348562121453717
"[[1], [2, 3], [4, 5, 6], [7, 8], [9, 10]]",0.016532434990433324,0.0009618437367758803,"(3, 3, 2, 3, 2)","[[1, 2, 3, 4], [5, 6], [7], [8, 9], [10]]",0.017348562121453717
"[[1], [2, 3], [4, 5, 6], [7, 8, 9], [10]]",0.017099499236366035,0.0009618437367757693,"(2, 3, 3, 3, 2)","[[1], [2, 3, 4, 5], [6, 7], [8, 9], [10]]",0.0173485621214537
"[[1], [2, 3], [4, 5, 6, 7], [8], [9, 10]]",0.01734856212145362,0.0009618437367757693,"(3, 2, 3, 3, 2)","[[1, 2, 3, 4], [5], [6, 7], [8, 9], [10]]",0.0173485621214537
"[[1], [2, 3], [4, 5, 6, 7], [8, 9], [10]]",0.017348562121453682,0.0009618437367758803,"(2, 3, 3, 3, 2)","[[1], [2, 3], [4, 5], [6, 7, 8, 9], [10]]",0.017348562121453696
"[[1], [2, 3], [4, 5, 6, 7, 8], [9], [10]]",0.018377257467773134,0.0009618437367758803,"(3, 2, 3, 3, 2)","[[1, 2], [3], [4, 5], [6, 7, 8, 9], [10]]",0.017348562121453696
"[[1], [2, 3, 4], [5], [6], [7, 8, 9, 10]]",0.01791562636738645,0.0009618437367759913,"(2, 2, 3, 3, 3)","[[1], [2], [3, 4], [5, 6, 7, 8], [9, 10]]",0.017348562121453692
"[[1], [2, 3, 4], [5], [6, 7], [8, 9, 10]]",0.017099499236365966,0.0009618437367757693,"(2, 3, 3, 3, 2)","[[1], [2, 3], [4, 5, 6, 7], [8, 9], [10]]",0.017348562121453682
"[[1], [2, 3, 4], [5], [6, 7, 8], [9, 10]]",0.017099499236366007,0.0009618437367757693,"(3, 2, 3, 3, 2)","[[1, 2], [3], [4, 5, 6, 7], [8, 9], [10]]",0.017348562121453682
"[[1], [2, 3, 4], [5], [6, 7, 8, 9], [10]]",0.017915626367386403,0.0009618437367758803,"(2, 3, 2, 3, 3)","[[1], [2, 3], [4], [5, 6, 7, 8], [9, 10]]",0.01734856212145368
"[[1], [2, 3, 4], [5, 6], [7], [8, 9, 10]]",0.017099499236365952,0.0009618437367758803,"(3, 2, 2, 3, 3)","[[1, 2], [3], [4], [5, 6, 7, 8], [9, 10]]",0.01734856212145368
"[[1], [2, 3, 4], [5, 6], [7, 8], [9, 10]]",0.016532434990433324,0.0009618437367758803,"(2, 3, 2, 3, 3)","[[1], [2, 3, 4, 5], [6], [7, 8], [9, 10]]",0.01734856212145367
"[[1], [2, 3, 4], [5, 6], [7, 8, 9], [10]]",0.017099499236366035,0.0009618437367758803,"(3, 3, 3, 2, 2)","[[1, 2], [3, 4], [5, 6, 7, 8], [9], [10]]",0.01734856212145367
"[[1], [2, 3, 4], [5, 6, 7], [8], [9, 10]]",0.017099499236365976,0.0009618437367758803,"(3, 2, 2, 3, 3)","[[1, 2, 3, 4], [5], [6], [7, 8], [9, 10]]",0.01734856212145367
"[[1], [2, 3, 4], [5, 6, 7], [8, 9], [10]]",0.017099499236366035,0.0009618437367758803,"(3, 3, 2, 2, 3)","[[1, 2], [3, 4, 5, 6], [7], [8], [9, 10]]",0.017348562121453658
"[[1], [2, 3, 4], [5, 6, 7, 8], [9], [10]]",0.017915626367386316,0.0009618437367758803,"(3, 3, 3, 2, 2)","[[1, 2], [3, 4, 5, 6], [7, 8], [9], [10]]",0.017348562121453658
"[[1], [2, 3, 4, 5], [6], [7], [8, 9, 10]]",0.017915626367386285,0.0009618437367758803,"(3, 3, 2, 2, 3)","[[1, 2, 3, 4], [5, 6], [7], [8], [9, 10]]",0.017348562121453658
"[[1], [2, 3, 4, 5], [6], [7, 8], [9, 10]]",0.01734856212145367,0.0009618437367758803,"(3, 3, 3, 2, 2)","[[1, 2, 3, 4], [5, 6], [7, 8], [9], [10]]",0.017348562121453658
"[[1], [2, 3, 4, 5], [6], [7, 8, 9], [10]]",0.017915626367386382,0.0009618437367757693,"(2, 3, 3, 2, 3)","[[1], [2, 3, 4, 5], [6, 7], [8], [9, 10]]",0.017348562121453644
"[[1], [2, 3, 4, 5], [6, 7], [8], [9, 10]]",0.017348562121453644,0.0009618437367757693,"(3, 2, 3, 2, 3)","[[1, 2, 3, 4], [5], [6, 7], [8], [9, 10]]",0.017348562121453644
"[[1], [2, 3, 4, 5], [6, 7], [8, 9], [10]]",0.0173485621214537,0.0009618437367757693,"(2, 3, 3, 2, 3)","[[1], [2, 3], [4, 5, 6, 7], [8], [9, 10]]",0.01734856212145362
"[[1], [2, 3, 4, 5], [6, 7, 8], [9], [10]]",0.017915626367386344,0.0009618437367757693,"(3, 2, 3, 2, 3)","[[1, 2], [3], [4, 5, 6, 7], [8], [9, 10]]",0.01734856212145362
"[[1], [2, 3, 4, 5, 6], [7], [8], [9, 10]]",0.01837725746777314,0.0013391771063830937,"(2, 2, 3, 3, 2, 3)","[[1], [2], [3, 4, 5, 6], [7, 8], [9], [10]]",0.017326280792286083
"[[1], [2, 3, 4, 5, 6], [7], [8, 9], [10]]",0.01837725746777319,0.0013391771063830937,"(2, 3, 3, 3, 2, 2)","[[1], [2], [3, 4], [5, 6, 7, 8], [9], [10]]",0.01732628079228605
"[[1], [2, 3, 4, 5, 6], [7, 8], [9], [10]]",0.018377257467773127,0.0013391771063832048,"(2, 2, 2, 3, 3, 3)","[[1], [2], [3], [4, 5], [6, 7, 8, 9], [10]]",0.01732628079228604
"[[1], [2, 3, 4, 5, 6, 7], [8], [9], [10]]",0.019635708626478725,0.0013391771063830937,"(2, 3, 3, 2, 3, 2)","[[1], [2], [3, 4], [5], [6, 7, 8, 9], [10]]",0.01732628079228604
"[[1, 2], [3], [4], [5], [6, 7, 8, 9, 10]]",0.018377257467773172,0.0013391771063829827,"(2, 3, 3, 3, 2, 2)","[[1], [2, 3], [4], [5, 6, 7, 8], [9], [10]]",0.01732628079228604
"[[1, 2], [3], [4], [5, 6], [7, 8, 9, 10]]",0.01734856212145373,0.0013391771063829827,"(2, 3, 3, 3, 2, 2)","[[1], [2, 3, 4, 5], [6], [7, 8], [9], [10]]",0.01732628079228604
"[[1, 2], [3], [4], [5, 6, 7], [8, 9, 10]]",0.01709949923636598,0.0013391771063829827,"(3, 2, 3, 3, 2, 2)","[[1, 2], [3], [4], [5, 6, 7, 8], [9], [10]]",0.01732628079228604
"[[1, 2], [3], [4], [5, 6, 7, 8], [9, 10]]",0.01734856212145368,0.0013391771063829827,"(3, 2, 3, 3, 2, 2)","[[1, 2, 3, 4], [5], [6], [7, 8], [9], [10]]",0.01732628079228604
"[[1, 2], [3], [4], [5, 6, 7, 8, 9], [10]]",0.01837725746777314,0.0013391771063830937,"(3, 3, 2, 2, 2, 3)","[[1, 2], [3, 4, 5, 6], [7], [8], [9], [10]]",0.01732628079228603
"[[1, 2], [3], [4, 5], [6], [7, 8, 9, 10]]",0.01734856212145374,0.0013391771063830937,"(3, 3, 2, 2, 2, 3)","[[1, 2, 3, 4], [5, 6], [7], [8], [9], [10]]",0.01732628079228603
"[[1, 2], [3], [4, 5], [6, 7], [8, 9, 10]]",0.016532434990433265,0.0013391771063829827,"(2, 3, 3, 2, 3, 2)","[[1], [2, 3], [4], [5], [6, 7, 8, 9], [10]]",0.017326280792286024
"[[1, 2], [3], [4, 5], [6, 7, 8], [9, 10]]",0.016532434990433286,0.0013391771063829827,"(3, 2, 3, 2, 3, 2)","[[1, 2], [3], [4], [5], [6, 7, 8, 9], [10]]",0.017326280792286024
"[[1, 2], [3], [4, 5], [6, 7, 8, 9], [10]]",0.017348562121453696,0.0013391771063830937,"(2, 2, 2, 3, 3, 3)","[[1], [2], [3], [4], [5, 6, 7, 8], [9, 10]]",0.017326280792286018
"[[1, 2], [3], [4, 5, 6], [7], [8, 9, 10]]",0.017099499236365952,0.0013391771063829827,"(2, 3, 3, 2, 2, 3)","[[1], [2, 3, 4, 5], [6, 7], [8], [9], [10]]",0.01732628079228601
"[[1, 2], [3], [4, 5, 6], [7, 8], [9, 10]]",0.016532434990433324,0.0013391771063829827,"(3, 2, 3, 2, 2, 3)","[[1, 2, 3, 4], [5], [6, 7], [8], [9], [10]]",0.01732628079228601
"[[1, 2], [3], [4, 5, 6], [7, 8, 9], [10]]",0.017099499236366035,0.0013391771063829827,"(2, 3, 3, 2, 2, 3)","[[1], [2, 3], [4, 5, 6, 7], [8], [9], [10]]",0.017326280792286
"[[1, 2], [3], [4, 5, 6, 7], [8], [9, 10]]",0.01734856212145362,0.0013391771063829827,"(3, 2, 3, 2, 2, 3)","[[1, 2], [3], [4, 5, 6, 7], [8], [9], [10]]",0.017326280792286
"[[1, 2], [3], [4, 5, 6, 7], [8, 9], [10]]",0.017348562121453682,0.0013391771063830937,"(2, 2, 3, 2, 3, 3)","[[1], [2], [3, 4, 5, 6], [7], [8, 9], [10]]",0.017326280792285997
"[[1, 2], [3], [4, 5, 6, 7, 8], [9], [10]]",0.018377257467773134,0.0013391771063830937,"(2, 2, 3, 2, 3, 3)","[[1], [2], [3, 4, 5, 6], [7], [8], [9, 10]]",0.017326280792285972
"[[1, 2], [3, 4], [5], [6], [7, 8, 9, 10]]",0.017348562121453776,0.0013391771063830937,"(2, 2, 2, 3, 3, 3)","[[1], [2], [3], [4, 5, 6, 7], [8, 9], [10]]",0.017326280792285962
"[[1, 2], [3, 4], [5], [6, 7], [8, 9, 10]]",0.016532434990433303,0.0013391771063830937,"(2, 3, 2, 2, 3, 3)","[[1], [2, 3, 4, 5], [6], [7], [8, 9], [10]]",0.01732628079228595
"[[1, 2], [3, 4], [5], [6, 7, 8], [9, 10]]",0.016532434990433324,0.0013391771063830937,"(3, 2, 2, 2, 3, 3)","[[1, 2, 3, 4], [5], [6], [7], [8, 9], [10]]",0.01732628079228595
"[[1, 2], [3, 4], [5], [6, 7, 8, 9], [10]]",0.01734856212145373,0.0013391771063830937,"(2, 2, 2, 3, 3, 3)","[[1], [2], [3], [4, 5, 6, 7], [8], [9, 10]]",0.017326280792285934
"[[1, 2], [3, 4], [5, 6], [7], [8, 9, 10]]",0.016532434990433303,0.0013391771063830937,"(2, 2, 2, 3, 3, 3)","[[1], [2], [3], [4], [5, 6], [7, 8, 9, 10]]",0.01732628079228593
"[[1, 2], [3, 4], [5, 6], [7, 8], [9, 10]]",0.015965370744500676,0.0013391771063830937,"(2, 2, 2, 3, 3, 3)","[[1], [2], [3], [4, 5], [6], [7, 8, 9, 10]]",0.01732628079228593
"[[1, 2], [3, 4], [5, 6], [7, 8, 9], [10]]",0.01653243499043338,0.0013391771063830937,"(2, 2, 3, 2, 3, 3)","[[1], [2], [3, 4], [5], [6], [7, 8, 9, 10]]",0.01732628079228593
"[[1, 2], [3, 4], [5, 6, 7], [8], [9, 10]]",0.0165324349904333,0.0013391771063830937,"(2, 3, 2, 2, 3, 3)","[[1], [2, 3, 4, 5], [6], [7], [8], [9, 10]]",0.017326280792285927
"[[1, 2], [3, 4], [5, 6, 7], [8, 9], [10]]",0.01653243499043338,0.0013391771063830937,"(3, 2, 2, 2, 3, 3)","[[1, 2, 3, 4], [5], [6], [7], [8], [9, 10]]",0.017326280792285927
"[[1, 2], [3, 4], [5, 6, 7, 8], [9], [10]]",0.01734856212145367,0.0013391771063829827,"(2, 3, 2, 2, 3, 3)","[[1], [2, 3], [4], [5], [6], [7, 8, 9, 10]]",0.01732628079228592
"[[1, 2], [3, 4, 5], [6], [7], [8, 9, 10]]",0.01709949923636594,0.0013391771063829827,"(3, 2, 2, 2, 3, 3)","[[1, 2], [3], [4], [5], [6], [7, 8, 9, 10]]",0.01732628079228592
"[[1, 2], [3, 4, 5], [6], [7, 8], [9, 10]]",0.01653243499043331,0.0010521146026305495,"(2, 3, 3, 3)","[[1, 2], [3, 4], [5, 6], [7, 8, 9, 10]]",0.01729238859521356
"[[1, 2], [3, 4, 5], [6], [7, 8, 9], [10]]",0.01709949923636602,0.0010521146026305495,"(2, 3, 3, 3)","[[1, 2], [3, 4], [5, 6, 7, 8], [9, 10]]",0.017292388595213527
"[[1, 2], [3, 4, 5], [6, 7], [8], [9, 10]]",0.01653243499043329,0.0010521146026305495,"(3, 3, 2, 3)","[[1, 2], [3, 4, 5, 6], [7, 8], [9, 10]]",0.01729238859521351
"[[1, 2], [3, 4, 5], [6, 7], [8, 9], [10]]",0.016532434990433366,0.0010521146026305495,"(3, 3, 2, 3)","[[1, 2, 3, 4], [5, 6], [7, 8], [9, 10]]",0.01729238859521351
"[[1, 2], [3, 4, 5], [6, 7, 8], [9], [10]]",0.017099499236366,0.002103834240037572,"(2, 2, 2, 2, 2, 3, 3)","[[1], [2], [3], [4], [5], [6, 7, 8, 9], [10]]",0.0172599410194536
"[[1, 2], [3, 4, 5, 6], [7], [8], [9, 10]]",0.017348562121453658,0.002103834240037572,"(2, 2, 2, 2, 3, 2, 3)","[[1], [2], [3], [4], [5, 6, 7, 8], [9], [10]]",0.01725994101945352
"[[1, 2], [3, 4, 5, 6], [7], [8, 9], [10]]",0.017348562121453717,0.002103834240037572,"(2, 2, 2, 2, 2, 3, 3)","[[1], [2], [3], [4], [5], [6], [7, 8, 9, 10]]",0.017259941019453506
"[[1, 2], [3, 4, 5, 6], [7, 8], [9], [10]]",0.017348562121453658,0.002103834240037572,"(2, 2, 3, 2, 2, 2, 3)","[[1], [2], [3, 4, 5, 6], [7], [8], [9], [10]]",0.01725994101945348
"[[1, 2], [3, 4, 5, 6, 7], [8], [9], [10]]",0.018377257467773123,0.002103834240037572,"(2, 2, 2, 3, 2, 2, 3)","[[1], [2], [3], [4, 5, 6, 7], [8], [9], [10]]",0.01725994101945345
"[[1, 2, 3], [4], [5], [6], [7, 8, 9, 10]]",0.01791562636738645,0.002103834240037572,"(2, 3, 2, 2, 2, 2, 3)","[[1], [2, 3, 4, 5], [6], [7], [8], [9], [10]]",0.017259941019453443
"[[1, 2, 3], [4], [5], [6, 7], [8, 9, 10]]",0.017099499236365966,0.002103834240037572,"(3, 2, 2, 2, 2, 2, 3)","[[1, 2, 3, 4], [5], [6], [7], [8], [9], [10]]",0.017259941019453443
"[[1, 2, 3], [4], [5], [6, 7, 8], [9, 10]]",0.017099499236366007,0.0017052649898795513,"(2, 2, 2, 2, 3, 3)","[[1], [2], [3], [4], [5, 6, 7], [8, 9, 10]]",0.0171208039120887
"[[1, 2, 3], [4], [5], [6, 7, 8, 9], [10]]",0.017915626367386403,0.0017052649898794403,"(2, 2, 3, 3, 2, 2)","[[1], [2], [3, 4, 5], [6, 7, 8], [9], [10]]",0.01712080391208869
"[[1, 2, 3], [4], [5, 6], [7], [8, 9, 10]]",0.017099499236365952,0.0017052649898794403,"(2, 3, 2, 3, 2, 2)","[[1], [2, 3, 4], [5], [6, 7, 8], [9], [10]]",0.01712080391208869
"[[1, 2, 3], [4], [5, 6], [7, 8], [9, 10]]",0.016532434990433324,0.0017052649898794403,"(3, 2, 2, 3, 2, 2)","[[1, 2, 3], [4], [5], [6, 7, 8], [9], [10]]",0.01712080391208869
"[[1, 2, 3], [4], [5, 6], [7, 8, 9], [10]]",0.017099499236366035,0.0017052649898794403,"(2, 2, 2, 3, 2, 3)","[[1], [2], [3], [4, 5, 6], [7], [8, 9, 10]]",0.017120803912088683
"[[1, 2, 3], [4], [5, 6, 7], [8], [9, 10]]",0.017099499236365976,0.0017052649898794403,"(2, 2, 2, 3, 3, 2)","[[1], [2], [3], [4, 5, 6], [7, 8, 9], [10]]",0.017120803912088683
"[[1, 2, 3], [4], [5, 6, 7], [8, 9], [10]]",0.017099499236366035,0.0017052649898794403,"(2, 2, 3, 2, 2, 3)","[[1], [2], [3, 4, 5], [6], [7], [8, 9, 10]]",0.017120803912088683
"[[1, 2, 3], [4], [5, 6, 7, 8], [9], [10]]",0.017915626367386316,0.0017052649898794403,"(2, 2, 3, 2, 3, 2)","[[1], [2], [3, 4, 5], [6], [7, 8, 9], [10]]",0.017120803912088683
"[[1, 2, 3], [4, 5], [6], [7], [8, 9, 10]]",0.01709949923636594,0.0017052649898794403,"(2, 3, 2, 2, 2, 3)","[[1], [2, 3, 4], [5], [6], [7], [8, 9, 10]]",0.017120803912088683
"[[1, 2, 3], [4, 5], [6], [7, 8], [9, 10]]",0.01653243499043331,0.0017052649898794403,"(2, 3, 2, 2, 3, 2)","[[1], [2, 3, 4], [5], [6], [7, 8, 9], [10]]",0.017120803912088683
"[[1, 2, 3], [4, 5], [6], [7, 8, 9], [10]]",0.01709949923636602,0.0017052649898794403,"(3, 2, 2, 2, 2, 3)","[[1, 2, 3], [4], [5], [6], [7], [8, 9, 10]]",0.017120803912088683
"[[1, 2, 3], [4, 5], [6, 7], [8], [9, 10]]",0.01653243499043329,0.0017052649898794403,"(3, 2, 2, 2, 3, 2)","[[1, 2, 3], [4], [5], [6], [7, 8, 9], [10]]",0.017120803912088683
"[[1, 2, 3], [4, 5], [6, 7], [8, 9], [10]]",0.016532434990433366,0.0017052649898793293,"(2, 3, 3, 2, 2, 2)","[[1], [2, 3, 4], [5, 6, 7], [8], [9], [10]]",0.017120803912088672
"[[1, 2, 3], [4, 5], [6, 7, 8], [9], [10]]",0.017099499236366,0.0017052649898793293,"(3, 2, 3, 2, 2, 2)","[[1, 2, 3], [4], [5, 6, 7], [8], [9], [10]]",0.017120803912088672
"[[1, 2, 3], [4, 5, 6], [7], [8], [9, 10]]",0.017099499236365976,0.0017052649898793293,"(3, 3, 2, 2, 2, 2)","[[1, 2, 3], [4, 5, 6], [7], [8], [9], [10]]",0.017120803912088672
"[[1, 2, 3], [4, 5, 6], [7], [8, 9], [10]]",0.017099499236366035,0.0014078826670894662,"(2, 2, 3, 3, 3)","[[1], [2, 3], [4, 5, 6], [7, 8, 9], [10]]",0.017099499236366035
"[[1, 2, 3], [4, 5, 6], [7, 8], [9], [10]]",0.017099499236365976,0.0014078826670893552,"(2, 3, 2, 3, 3)","[[1], [2, 3, 4], [5, 6], [7, 8, 9], [10]]",0.017099499236366035
"[[1, 2, 3], [4, 5, 6, 7], [8], [9], [10]]",0.01791562636738632,0.0014078826670893552,"(2, 3, 3, 2, 3)","[[1], [2, 3, 4], [5, 6, 7], [8, 9], [10]]",0.017099499236366035
"[[1, 2, 3, 4], [5], [6], [7], [8, 9, 10]]",0.017915626367386285,0.0014078826670894662,"(2, 2, 3, 3, 3)","[[1, 2], [3], [4, 5, 6], [7, 8, 9], [10]]",0.017099499236366035
"[[1, 2, 3, 4], [5], [6], [7, 8], [9, 10]]",0.01734856212145367,0.0014078826670893552,"(3, 2, 2, 3, 3)","[[1, 2, 3], [4], [5, 6], [7, 8, 9], [10]]",0.017099499236366035
"[[1, 2, 3, 4], [5], [6], [7, 8, 9], [10]]",0.017915626367386382,0.0014078826670893552,"(3, 2, 3, 2, 3)","[[1, 2, 3], [4], [5, 6, 7], [8, 9], [10]]",0.017099499236366035
"[[1, 2, 3, 4], [5], [6, 7], [8], [9, 10]]",0.017348562121453644,0.0014078826670893552,"(3, 3, 2, 2, 3)","[[1, 2, 3], [4, 5, 6], [7], [8, 9], [10]]",0.017099499236366035
"[[1, 2, 3, 4], [5], [6, 7], [8, 9], [10]]",0.0173485621214537,0.0014078826670894662,"(2, 3, 2, 3, 3)","[[1, 2], [3, 4, 5], [6], [7, 8, 9], [10]]",0.01709949923636602
"[[1, 2, 3, 4], [5], [6, 7, 8], [9], [10]]",0.017915626367386344,0.0014078826670894662,"(3, 2, 2, 3, 3)","[[1, 2, 3], [4, 5], [6], [7, 8, 9], [10]]",0.01709949923636602
"[[1, 2, 3, 4], [5, 6], [7], [8], [9, 10]]",0.017348562121453658,0.0014078826670894662,"(2, 3, 3, 3, 2)","[[1], [2], [3, 4, 5], [6, 7, 8], [9, 10]]",0.017099499236366007
"[[1, 2, 3, 4], [5, 6], [7], [8, 9], [10]]",0.017348562121453717,0.0014078826670894662,"(2, 3, 3, 3, 2)","[[1], [2, 3, 4], [5], [6, 7, 8], [9, 10]]",0.017099499236366007
"[[1, 2, 3, 4], [5, 6], [7, 8], [9], [10]]",0.017348562121453658,0.0014078826670894662,"(3, 2, 3, 3, 2)","[[1, 2, 3], [4], [5], [6, 7, 8], [9, 10]]",0.017099499236366007
"[[1, 2, 3, 4], [5, 6, 7], [8], [9], [10]]",0.01791562636738632,0.0014078826670893552,"(2, 3, 3, 2, 3)","[[1, 2], [3, 4, 5], [6, 7, 8], [9], [10]]",0.017099499236366
"[[1, 2, 3, 4, 5], [6], [7], [8], [9, 10]]",0.01837725746777314,0.0014078826670893552,"(3, 2, 3, 2, 3)","[[1, 2, 3], [4, 5], [6, 7, 8], [9], [10]]",0.017099499236366
"[[1, 2, 3, 4, 5], [6], [7], [8, 9], [10]]",0.01837725746777319,0.0014078826670894662,"(2, 3, 2, 3, 3)","[[1], [2], [3, 4], [5, 6, 7], [8, 9, 10]]",0.017099499236365993
"[[1, 2, 3, 4, 5], [6], [7, 8], [9], [10]]",0.018377257467773127,0.0014078826670894662,"(2, 2, 3, 3, 3)","[[1], [2, 3], [4], [5, 6, 7], [8, 9, 10]]",0.01709949923636598
"[[1, 2, 3, 4, 5], [6, 7], [8], [9], [10]]",0.018377257467773123,0.0014078826670894662,"(2, 2, 3, 3, 3)","[[1, 2], [3], [4], [5, 6, 7], [8, 9, 10]]",0.01709949923636598
"[[1, 2, 3, 4, 5, 6], [7], [8], [9], [10]]",0.019635708626478725,0.0014078826670893552,"(2, 3, 3, 3, 2)","[[1], [2, 3, 4], [5, 6, 7], [8], [9, 10]]",0.017099499236365976
"[[1], [2], [3], [4], [5], [6, 7, 8, 9, 10]]",0.01817495445299971,0.0014078826670893552,"(3, 2, 3, 3, 2)","[[1, 2, 3], [4], [5, 6, 7], [8], [9, 10]]",0.017099499236365976
"[[1], [2], [3], [4], [5, 6], [7, 8, 9, 10]]",0.01732628079228593,0.0014078826670893552,"(3, 3, 2, 3, 2)","[[1, 2, 3], [4, 5, 6], [7], [8], [9, 10]]",0.017099499236365976
"[[1], [2], [3], [4], [5, 6, 7], [8, 9, 10]]",0.0171208039120887,0.0014078826670893552,"(3, 3, 2, 2, 3)","[[1, 2, 3], [4, 5, 6], [7, 8], [9], [10]]",0.017099499236365976
"[[1], [2], [3], [4], [5, 6, 7, 8], [9, 10]]",0.017326280792286018,0.0014078826670894662,"(2, 3, 3, 2, 3)","[[1], [2], [3, 4, 5], [6, 7], [8, 9, 10]]",0.017099499236365966
"[[1], [2], [3], [4], [5, 6, 7, 8, 9], [10]]",0.018174954452999607,0.0014078826670894662,"(2, 3, 3, 2, 3)","[[1], [2, 3, 4], [5], [6, 7], [8, 9, 10]]",0.017099499236365966
"[[1], [2], [3], [4, 5], [6], [7, 8, 9, 10]]",0.01732628079228593,0.0014078826670894662,"(3, 2, 3, 2, 3)","[[1, 2, 3], [4], [5], [6, 7], [8, 9, 10]]",0.017099499236365966
"[[1], [2], [3], [4, 5], [6, 7], [8, 9, 10]]",0.01665297590919425,0.0014078826670894662,"(3, 2, 3, 2, 3)","[[1], [2, 3], [4, 5, 6], [7], [8, 9, 10]]",0.017099499236365952
"[[1], [2], [3], [4, 5], [6, 7, 8], [9, 10]]",0.016652975909194227,0.0014078826670893552,"(3, 3, 2, 2, 3)","[[1], [2, 3, 4], [5, 6], [7], [8, 9, 10]]",0.017099499236365952
"[[1], [2], [3], [4, 5], [6, 7, 8, 9], [10]]",0.01732628079228604,0.0014078826670894662,"(2, 3, 3, 2, 3)","[[1, 2], [3], [4, 5, 6], [7], [8, 9, 10]]",0.017099499236365952
"[[1], [2], [3], [4, 5, 6], [7], [8, 9, 10]]",0.017120803912088683,0.0014078826670893552,"(3, 3, 2, 2, 3)","[[1, 2, 3], [4], [5, 6], [7], [8, 9, 10]]",0.017099499236365952
"[[1], [2], [3], [4, 5, 6], [7, 8], [9, 10]]",0.016652975909194227,0.0014078826670894662,"(2, 3, 3, 2, 3)","[[1, 2], [3, 4, 5], [6], [7], [8, 9, 10]]",0.01709949923636594
"[[1], [2], [3], [4, 5, 6], [7, 8, 9], [10]]",0.017120803912088683,0.0014078826670894662,"(3, 2, 3, 2, 3)","[[1, 2, 3], [4, 5], [6], [7], [8, 9, 10]]",0.01709949923636594
"[[1], [2], [3], [4, 5, 6, 7], [8], [9, 10]]",0.017326280792285934,0.001030575257147559,"(2, 3, 3, 3)","[[1, 2], [3, 4], [5, 6, 7], [8, 9, 10]]",0.016977915255456416
"[[1], [2], [3], [4, 5, 6, 7], [8, 9], [10]]",0.017326280792285962,0.001030575257147559,"(2, 3, 3, 3)","[[1, 2], [3, 4, 5], [6, 7], [8, 9, 10]]",0.016977915255456402
"[[1], [2], [3], [4, 5, 6, 7, 8], [9], [10]]",0.018174954452999607,0.001030575257147559,"(3, 2, 3, 3)","[[1, 2, 3], [4, 5], [6, 7], [8, 9, 10]]",0.016977915255456402
"[[1], [2], [3, 4], [5], [6], [7, 8, 9, 10]]",0.01732628079228593,0.001030575257147559,"(2, 3, 3, 3)","[[1, 2], [3, 4, 5], [6, 7, 8], [9, 10]]",0.016977915255456364
"[[1], [2], [3, 4], [5], [6, 7], [8, 9, 10]]",0.01665297590919425,0.001030575257147559,"(3, 2, 3, 3)","[[1, 2, 3], [4, 5], [6, 7, 8], [9, 10]]",0.016977915255456364
"[[1], [2], [3, 4], [5], [6, 7, 8], [9, 10]]",0.016652975909194227,0.001030575257147559,"(3, 3, 2, 3)","[[1, 2, 3], [4, 5, 6], [7, 8], [9, 10]]",0.016977915255456333
"[[1], [2], [3, 4], [5], [6, 7, 8, 9], [10]]",0.01732628079228604,0.0025327437024685873,"(2, 2, 2, 2, 3, 2, 3)","[[1], [2], [3], [4, 5], [6, 7, 8], [9], [10]]",0.016688593732944196
"[[1], [2], [3, 4], [5, 6], [7], [8, 9, 10]]",0.01665297590919421,0.0025327437024686983,"(2, 2, 2, 3, 2, 2, 3)","[[1], [2], [3], [4, 5, 6], [7, 8], [9], [10]]",0.016688593732944196
"[[1], [2], [3, 4], [5, 6], [7, 8], [9, 10]]",0.016185147906299758,0.0025327437024686983,"(2, 2, 2, 2, 3, 2, 3)","[[1], [2], [3, 4], [5], [6, 7, 8], [9], [10]]",0.016688593732944196
"[[1], [2], [3, 4], [5, 6], [7, 8, 9], [10]]",0.01665297590919422,0.0025327437024686983,"(2, 2, 3, 2, 2, 2, 3)","[[1], [2], [3, 4, 5], [6], [7, 8], [9], [10]]",0.016688593732944196
"[[1], [2], [3, 4], [5, 6, 7], [8], [9, 10]]",0.01665297590919419,0.0025327437024686983,"(2, 3, 2, 2, 2, 2, 3)","[[1], [2, 3, 4], [5], [6], [7, 8], [9], [10]]",0.016688593732944196
"[[1], [2], [3, 4], [5, 6, 7], [8, 9], [10]]",0.016652975909194196,0.0025327437024686983,"(3, 2, 2, 2, 2, 2, 3)","[[1, 2, 3], [4], [5], [6], [7, 8], [9], [10]]",0.016688593732944196
"[[1], [2], [3, 4], [5, 6, 7, 8], [9], [10]]",0.01732628079228605,0.0025327437024686983,"(2, 2, 2, 3, 2, 2, 3)","[[1], [2], [3], [4], [5], [6, 7], [8, 9, 10]]",0.01668859373294419
"[[1], [2], [3, 4, 5], [6], [7], [8, 9, 10]]",0.017120803912088683,0.0025327437024686983,"(2, 2, 2, 2, 3, 2, 3)","[[1], [2, 3], [4], [5], [6, 7, 8], [9], [10]]",0.016688593732944186
"[[1], [2], [3, 4, 5], [6], [7, 8], [9, 10]]",0.016652975909194227,0.0025327437024686983,"(2, 2, 2, 2, 3, 2, 3)","[[1, 2], [3], [4], [5], [6, 7, 8], [9], [10]]",0.016688593732944186
"[[1], [2], [3, 4, 5], [6], [7, 8, 9], [10]]",0.017120803912088683,0.0025327437024686983,"(2, 2, 2, 2, 3, 2, 3)","[[1], [2], [3], [4], [5, 6, 7], [8, 9], [10]]",0.016688593732944176
"[[1], [2], [3, 4, 5], [6, 7], [8], [9, 10]]",0.01665297590919417,0.0025327437024685873,"(2, 2, 2, 3, 2, 2, 3)","[[1], [2], [3], [4, 5, 6], [7], [8, 9], [10]]",0.016688593732944162
"[[1], [2], [3, 4, 5], [6, 7], [8, 9], [10]]",0.016652975909194175,0.0025327437024685873,"(2, 2, 3, 2, 2, 2, 3)","[[1], [2], [3, 4, 5], [6], [7], [8, 9], [10]]",0.016688593732944162
"[[1], [2], [3, 4, 5], [6, 7, 8], [9], [10]]",0.01712080391208869,0.0025327437024685873,"(2, 3, 2, 2, 2, 2, 3)","[[1], [2, 3, 4], [5], [6], [7], [8, 9], [10]]",0.016688593732944162
"[[1], [2], [3, 4, 5, 6], [7], [8], [9, 10]]",0.017326280792285972,0.0025327437024685873,"(3, 2, 2, 2, 2, 2, 3)","[[1, 2, 3], [4], [5], [6], [7], [8, 9], [10]]",0.016688593732944162
"[[1], [2], [3, 4, 5, 6], [7], [8, 9], [10]]",0.017326280792285997,0.0025327437024686983,"(2, 2, 2, 3, 2, 2, 3)","[[1], [2], [3, 4], [5, 6, 7], [8], [9], [10]]",0.016688593732944148
"[[1], [2], [3, 4, 5, 6], [7, 8], [9], [10]]",0.017326280792286083,0.0025327437024686983,"(2, 2, 2, 3, 2, 2, 3)","[[1], [2, 3], [4], [5, 6, 7], [8], [9], [10]]",0.01668859373294414
"[[1], [2], [3, 4, 5, 6, 7], [8], [9], [10]]",0.01817495445299959,0.0025327437024686983,"(2, 2, 2, 3, 2, 2, 3)","[[1, 2], [3], [4], [5, 6, 7], [8], [9], [10]]",0.01668859373294414
"[[1], [2, 3], [4], [5], [6], [7, 8, 9, 10]]",0.01732628079228592,0.0025327437024685873,"(2, 2, 3, 2, 2, 2, 3)","[[1], [2], [3, 4, 5], [6, 7], [8], [9], [10]]",0.01668859373294413
"[[1], [2, 3], [4], [5], [6, 7], [8, 9, 10]]",0.016652975909194238,0.0025327437024686983,"(2, 2, 3, 2, 2, 2, 3)","[[1], [2, 3], [4, 5, 6], [7], [8], [9], [10]]",0.01668859373294413
"[[1], [2, 3], [4], [5], [6, 7, 8], [9, 10]]",0.016652975909194217,0.0025327437024685873,"(2, 3, 2, 2, 2, 2, 3)","[[1], [2, 3, 4], [5], [6, 7], [8], [9], [10]]",0.01668859373294413
"[[1], [2, 3], [4], [5], [6, 7, 8, 9], [10]]",0.017326280792286024,0.0025327437024685873,"(2, 3, 2, 2, 2, 2, 3)","[[1], [2, 3, 4], [5, 6], [7], [8], [9], [10]]",0.01668859373294413
"[[1], [2, 3], [4], [5, 6], [7], [8, 9, 10]]",0.0166529759091942,0.0025327437024686983,"(2, 2, 3, 2, 2, 2, 3)","[[1, 2], [3], [4, 5, 6], [7], [8], [9], [10]]",0.01668859373294413
"[[1], [2, 3], [4], [5, 6], [7, 8], [9, 10]]",0.016185147906299744,0.0025327437024685873,"(3, 2, 2, 2, 2, 2, 3)","[[1, 2, 3], [4], [5], [6, 7], [8], [9], [10]]",0.01668859373294413
"[[1], [2, 3], [4], [5, 6], [7, 8, 9], [10]]",0.01665297590919421,0.0025327437024685873,"(3, 2, 2, 2, 2, 2, 3)","[[1, 2, 3], [4], [5, 6], [7], [8], [9], [10]]",0.01668859373294413
"[[1], [2, 3], [4], [5, 6, 7], [8], [9, 10]]",0.016652975909194175,0.0025327437024686983,"(2, 3, 2, 2, 2, 2, 3)","[[1, 2], [3, 4, 5], [6], [7], [8], [9], [10]]",0.016688593732944124
"[[1], [2, 3], [4], [5, 6, 7], [8, 9], [10]]",0.016652975909194186,0.0025327437024686983,"(3, 2, 2, 2, 2, 2, 3)","[[1, 2, 3], [4, 5], [6], [7], [8], [9], [10]]",0.016688593732944124
"[[1], [2, 3], [4], [5, 6, 7, 8], [9], [10]]",0.01732628079228604,0.0025327437024685873,"(2, 2, 2, 3, 2, 3, 2)","[[1], [2], [3], [4], [5, 6], [7, 8, 9], [10]]",0.016688593732944117
"[[1], [2, 3], [4, 5], [6], [7], [8, 9, 10]]",0.016652975909194206,0.0025327437024685873,"(2, 2, 2, 2, 3, 3, 2)","[[1], [2], [3], [4, 5], [6], [7, 8, 9], [10]]",0.016688593732944117
"[[1], [2, 3], [4, 5], [6], [7, 8], [9, 10]]",0.01618514790629975,0.0025327437024686983,"(2, 2, 2, 2, 3, 3, 2)","[[1], [2], [3, 4], [5], [6], [7, 8, 9], [10]]",0.016688593732944117
"[[1], [2, 3], [4, 5], [6], [7, 8, 9], [10]]",0.016652975909194217,0.0025327437024686983,"(2, 2, 2, 3, 2, 3, 2)","[[1], [2], [3], [4], [5], [6, 7, 8], [9, 10]]",0.016688593732944103
"[[1], [2, 3], [4, 5], [6, 7], [8], [9, 10]]",0.01618514790629968,0.0025327437024688093,"(2, 2, 2, 2, 3, 3, 2)","[[1], [2], [3], [4], [5, 6, 7], [8], [9, 10]]",0.016688593732944103
"[[1], [2, 3], [4, 5], [6, 7], [8, 9], [10]]",0.0161851479062997,0.0025327437024686983,"(2, 2, 2, 2, 3, 3, 2)","[[1], [2, 3], [4], [5], [6], [7, 8, 9], [10]]",0.016688593732944103
"[[1], [2, 3], [4, 5], [6, 7, 8], [9], [10]]",0.016652975909194217,0.0025327437024686983,"(2, 2, 2, 2, 3, 3, 2)","[[1, 2], [3], [4], [5], [6], [7, 8, 9], [10]]",0.016688593732944103
"[[1], [2, 3], [4, 5, 6], [7], [8], [9, 10]]",0.016652975909194154,0.0025327437024686983,"(2, 2, 2, 2, 2, 3, 3)","[[1], [2], [3], [4], [5, 6], [7], [8, 9, 10]]",0.0166885937329441
"[[1], [2, 3], [4, 5, 6], [7], [8, 9], [10]]",0.016652975909194165,0.0025327437024686983,"(2, 2, 2, 2, 2, 3, 3)","[[1], [2], [3], [4, 5], [6], [7], [8, 9, 10]]",0.0166885937329441
"[[1], [2, 3], [4, 5, 6], [7, 8], [9], [10]]",0.016652975909194245,0.0025327437024688093,"(2, 2, 2, 2, 2, 3, 3)","[[1], [2], [3, 4], [5], [6], [7], [8, 9, 10]]",0.0166885937329441
"[[1], [2, 3], [4, 5, 6, 7], [8], [9], [10]]",0.017326280792286,0.0025327437024688093,"(2, 2, 2, 2, 2, 3, 3)","[[1], [2, 3], [4], [5], [6], [7], [8, 9, 10]]",0.01668859373294409
"[[1], [2, 3, 4], [5], [6], [7], [8, 9, 10]]",0.017120803912088683,0.0025327437024688093,"(2, 2, 2, 2, 2, 3, 3)","[[1, 2], [3], [4], [5], [6], [7], [8, 9, 10]]",0.01668859373294409
"[[1], [2, 3, 4], [5], [6], [7, 8], [9, 10]]",0.016652975909194227,0.0025327437024686983,"(2, 2, 2, 3, 2, 3, 2)","[[1], [2], [3], [4, 5, 6], [7], [8], [9, 10]]",0.016688593732944085
"[[1], [2, 3, 4], [5], [6], [7, 8, 9], [10]]",0.017120803912088683,0.0025327437024686983,"(2, 2, 3, 2, 2, 3, 2)","[[1], [2], [3, 4, 5], [6], [7], [8], [9, 10]]",0.016688593732944085
"[[1], [2, 3, 4], [5], [6, 7], [8], [9, 10]]",0.016652975909194165,0.0025327437024686983,"(2, 3, 2, 2, 2, 3, 2)","[[1], [2, 3, 4], [5], [6], [7], [8], [9, 10]]",0.016688593732944085
"[[1], [2, 3, 4], [5], [6, 7], [8, 9], [10]]",0.016652975909194175,0.0025327437024686983,"(3, 2, 2, 2, 2, 3, 2)","[[1, 2, 3], [4], [5], [6], [7], [8], [9, 10]]",0.016688593732944085
"[[1], [2, 3, 4], [5], [6, 7, 8], [9], [10]]",0.01712080391208869,0.0028297910398511483,"(2, 2, 2, 2, 2, 3, 2, 2)","[[1], [2], [3], [4], [5], [6, 7, 8], [9], [10]]",0.016671802375874737
"[[1], [2, 3, 4], [5, 6], [7], [8], [9, 10]]",0.016652975909194154,0.0028297910398511483,"(2, 2, 2, 2, 3, 2, 2, 2)","[[1], [2], [3], [4], [5, 6, 7], [8], [9], [10]]",0.016671802375874737
"[[1], [2, 3, 4], [5, 6], [7], [8, 9], [10]]",0.016652975909194165,0.0028297910398511483,"(2, 2, 2, 2, 2, 2, 2, 3)","[[1], [2], [3], [4], [5], [6], [7], [8, 9, 10]]",0.01667180237587473
"[[1], [2, 3, 4], [5, 6], [7, 8], [9], [10]]",0.016652975909194245,0.0028297910398511483,"(2, 2, 2, 2, 2, 2, 3, 2)","[[1], [2], [3], [4], [5], [6], [7, 8, 9], [10]]",0.01667180237587473
"[[1], [2, 3, 4], [5, 6, 7], [8], [9], [10]]",0.017120803912088672,0.0028297910398510373,"(2, 2, 2, 3, 2, 2, 2, 2)","[[1], [2], [3], [4, 5, 6], [7], [8], [9], [10]]",0.016671802375874723
"[[1], [2, 3, 4, 5], [6], [7], [8], [9, 10]]",0.017326280792285927,0.0028297910398510373,"(2, 2, 3, 2, 2, 2, 2, 2)","[[1], [2], [3, 4, 5], [6], [7], [8], [9], [10]]",0.016671802375874723
"[[1], [2, 3, 4, 5], [6], [7], [8, 9], [10]]",0.01732628079228595,0.0028297910398510373,"(2, 3, 2, 2, 2, 2, 2, 2)","[[1], [2, 3, 4], [5], [6], [7], [8], [9], [10]]",0.016671802375874723
"[[1], [2, 3, 4, 5], [6], [7, 8], [9], [10]]",0.01732628079228604,0.0028297910398510373,"(3, 2, 2, 2, 2, 2, 2, 2)","[[1, 2, 3], [4], [5], [6], [7], [8], [9], [10]]",0.016671802375874723
"[[1], [2, 3, 4, 5], [6, 7], [8], [9], [10]]",0.01732628079228601,0.002155861309304341,"(2, 2, 2, 2, 3, 3)","[[1], [2], [3], [4, 5], [6, 7], [8, 9, 10]]",0.01665297590919425
"[[1], [2, 3, 4, 5, 6], [7], [8], [9], [10]]",0.01817495445299959,0.002155861309304452,"(2, 2, 2, 2, 3, 3)","[[1], [2], [3, 4], [5], [6, 7], [8, 9, 10]]",0.01665297590919425
"[[1, 2], [3], [4], [5], [6], [7, 8, 9, 10]]",0.01732628079228592,0.002155861309304341,"(2, 3, 2, 3, 2, 2)","[[1, 2], [3, 4], [5], [6, 7, 8], [9], [10]]",0.016652975909194248
"[[1, 2], [3], [4], [5], [6, 7], [8, 9, 10]]",0.016652975909194238,0.002155861309304341,"(2, 3, 3, 2, 2, 2)","[[1], [2, 3], [4, 5, 6], [7, 8], [9], [10]]",0.016652975909194245
"[[1, 2], [3], [4], [5], [6, 7, 8], [9, 10]]",0.016652975909194217,0.002155861309304341,"(2, 3, 2, 3, 2, 2)","[[1], [2, 3, 4], [5, 6], [7, 8], [9], [10]]",0.016652975909194245
"[[1, 2], [3], [4], [5], [6, 7, 8, 9], [10]]",0.017326280792286024,0.002155861309304341,"(3, 2, 3, 2, 2, 2)","[[1, 2], [3], [4, 5, 6], [7, 8], [9], [10]]",0.016652975909194245
"[[1, 2], [3], [4], [5, 6], [7], [8, 9, 10]]",0.0166529759091942,0.002155861309304452,"(2, 3, 2, 2, 3, 2)","[[1, 2], [3, 4], [5], [6], [7, 8, 9], [10]]",0.016652975909194245
"[[1, 2], [3], [4], [5, 6], [7, 8], [9, 10]]",0.016185147906299744,0.002155861309304341,"(3, 2, 2, 3, 2, 2)","[[1, 2, 3], [4], [5, 6], [7, 8], [9], [10]]",0.016652975909194245
"[[1, 2], [3], [4], [5, 6], [7, 8, 9], [10]]",0.01665297590919421,0.002155861309304341,"(2, 3, 2, 2, 2, 3)","[[1], [2, 3], [4], [5], [6, 7], [8, 9, 10]]",0.016652975909194238
"[[1, 2], [3], [4], [5, 6, 7], [8], [9, 10]]",0.016652975909194175,0.002155861309304341,"(3, 2, 2, 2, 2, 3)","[[1, 2], [3], [4], [5], [6, 7], [8, 9, 10]]",0.016652975909194238
"[[1, 2], [3], [4], [5, 6, 7], [8, 9], [10]]",0.016652975909194186,0.002155861309304452,"(2, 3, 2, 2, 2, 3)","[[1, 2], [3, 4], [5], [6], [7], [8, 9, 10]]",0.016652975909194238
"[[1, 2], [3], [4], [5, 6, 7, 8], [9], [10]]",0.01732628079228604,0.002155861309304452,"(2, 3, 2, 3, 2, 2)","[[1, 2], [3, 4, 5], [6], [7, 8], [9], [10]]",0.016652975909194238
"[[1, 2], [3], [4, 5], [6], [7], [8, 9, 10]]",0.016652975909194206,0.002155861309304452,"(3, 2, 2, 3, 2, 2)","[[1, 2, 3], [4, 5], [6], [7, 8], [9], [10]]",0.016652975909194238
"[[1, 2], [3], [4, 5], [6], [7, 8], [9, 10]]",0.01618514790629975,0.002155861309304341,"(2, 3, 3, 2, 2, 2)","[[1, 2], [3, 4], [5, 6, 7], [8], [9], [10]]",0.01665297590919423
"[[1, 2], [3], [4, 5], [6], [7, 8, 9], [10]]",0.016652975909194217,0.002155861309304341,"(2, 2, 2, 2, 3, 3)","[[1], [2], [3], [4, 5], [6, 7, 8], [9, 10]]",0.016652975909194227
"[[1, 2], [3], [4, 5], [6, 7], [8], [9, 10]]",0.01618514790629968,0.002155861309304341,"(2, 2, 2, 3, 3, 2)","[[1], [2], [3], [4, 5, 6], [7, 8], [9, 10]]",0.016652975909194227
"[[1, 2], [3], [4, 5], [6, 7], [8, 9], [10]]",0.0161851479062997,0.002155861309304341,"(2, 2, 3, 2, 3, 2)","[[1], [2], [3, 4], [5], [6, 7, 8], [9, 10]]",0.016652975909194227
"[[1, 2], [3], [4, 5], [6, 7, 8], [9], [10]]",0.016652975909194217,0.002155861309304341,"(2, 2, 3, 2, 3, 2)","[[1], [2], [3, 4, 5], [6], [7, 8], [9, 10]]",0.016652975909194227
"[[1, 2], [3], [4, 5, 6], [7], [8], [9, 10]]",0.016652975909194154,0.002155861309304341,"(2, 3, 2, 2, 3, 2)","[[1], [2, 3, 4], [5], [6], [7, 8], [9, 10]]",0.016652975909194227
"[[1, 2], [3], [4, 5, 6], [7], [8, 9], [10]]",0.016652975909194165,0.002155861309304341,"(3, 2, 2, 2, 3, 2)","[[1, 2, 3], [4], [5], [6], [7, 8], [9, 10]]",0.016652975909194227
"[[1, 2], [3], [4, 5, 6], [7, 8], [9], [10]]",0.016652975909194245,0.002155861309304452,"(2, 2, 2, 3, 3, 2)","[[1], [2], [3, 4], [5, 6], [7, 8, 9], [10]]",0.01665297590919422
"[[1, 2], [3], [4, 5, 6, 7], [8], [9], [10]]",0.017326280792286,0.00215586130930423,"(2, 3, 2, 2, 3, 2)","[[1], [2, 3], [4], [5], [6, 7, 8], [9, 10]]",0.016652975909194217
"[[1, 2], [3, 4], [5], [6], [7], [8, 9, 10]]",0.016652975909194238,0.002155861309304341,"(2, 3, 2, 2, 3, 2)","[[1], [2, 3], [4, 5], [6], [7, 8, 9], [10]]",0.016652975909194217
"[[1, 2], [3, 4], [5], [6], [7, 8], [9, 10]]",0.016185147906299782,0.00215586130930423,"(2, 3, 2, 3, 2, 2)","[[1], [2, 3], [4, 5], [6, 7, 8], [9], [10]]",0.016652975909194217
"[[1, 2], [3, 4], [5], [6], [7, 8, 9], [10]]",0.016652975909194245,0.00215586130930423,"(3, 2, 2, 2, 3, 2)","[[1, 2], [3], [4], [5], [6, 7, 8], [9, 10]]",0.016652975909194217
"[[1, 2], [3, 4], [5], [6, 7], [8], [9, 10]]",0.016185147906299713,0.002155861309304341,"(3, 2, 2, 2, 3, 2)","[[1, 2], [3], [4, 5], [6], [7, 8, 9], [10]]",0.016652975909194217
"[[1, 2], [3, 4], [5], [6, 7], [8, 9], [10]]",0.01618514790629973,0.00215586130930423,"(3, 2, 2, 3, 2, 2)","[[1, 2], [3], [4, 5], [6, 7, 8], [9], [10]]",0.016652975909194217
"[[1, 2], [3, 4], [5], [6, 7, 8], [9], [10]]",0.016652975909194248,0.002155861309304341,"(2, 3, 3, 2, 2, 2)","[[1, 2], [3, 4, 5], [6, 7], [8], [9], [10]]",0.016652975909194217
"[[1, 2], [3, 4], [5, 6], [7], [8], [9, 10]]",0.016185147906299713,0.002155861309304341,"(3, 2, 3, 2, 2, 2)","[[1, 2, 3], [4, 5], [6, 7], [8], [9], [10]]",0.016652975909194217
"[[1, 2], [3, 4], [5, 6], [7], [8, 9], [10]]",0.01618514790629973,0.002155861309304452,"(2, 2, 2, 3, 2, 3)","[[1], [2], [3, 4], [5, 6], [7], [8, 9, 10]]",0.01665297590919421
"[[1, 2], [3, 4], [5, 6], [7, 8], [9], [10]]",0.01618514790629983,0.002155861309304341,"(2, 3, 2, 2, 3, 2)","[[1], [2, 3], [4], [5, 6], [7, 8, 9], [10]]",0.01665297590919421
"[[1, 2], [3, 4], [5, 6, 7], [8], [9], [10]]",0.01665297590919423,0.002155861309304341,"(3, 2, 2, 2, 3, 2)","[[1, 2], [3], [4], [5, 6], [7, 8, 9], [10]]",0.01665297590919421
"[[1, 2], [3, 4, 5], [6], [7], [8], [9, 10]]",0.016652975909194147,0.002155861309304341,"(2, 3, 2, 2, 2, 3)","[[1], [2, 3], [4, 5], [6], [7], [8, 9, 10]]",0.016652975909194206
"[[1, 2], [3, 4, 5], [6], [7], [8, 9], [10]]",0.016652975909194154,0.002155861309304341,"(3, 2, 2, 2, 2, 3)","[[1, 2], [3], [4, 5], [6], [7], [8, 9, 10]]",0.016652975909194206
"[[1, 2], [3, 4, 5], [6], [7, 8], [9], [10]]",0.016652975909194238,0.002155861309304341,"(2, 3, 2, 2, 2, 3)","[[1], [2, 3], [4], [5, 6], [7], [8, 9, 10]]",0.0166529759091942
"[[1, 2], [3, 4, 5], [6, 7], [8], [9], [10]]",0.016652975909194217,0.002155861309304341,"(3, 2, 2, 2, 2, 3)","[[1, 2], [3], [4], [5, 6], [7], [8, 9, 10]]",0.0166529759091942
"[[1, 2], [3, 4, 5, 6], [7], [8], [9], [10]]",0.01732628079228603,0.002155861309304452,"(2, 2, 2, 3, 3, 2)","[[1], [2], [3, 4], [5, 6, 7], [8, 9], [10]]",0.016652975909194196
"[[1, 2, 3], [4], [5], [6], [7], [8, 9, 10]]",0.017120803912088683,0.002155861309304452,"(2, 2, 2, 3, 2, 3)","[[1], [2], [3, 4], [5, 6, 7], [8], [9, 10]]",0.01665297590919419
"[[1, 2, 3], [4], [5], [6], [7, 8], [9, 10]]",0.016652975909194227,0.002155861309304341,"(2, 3, 2, 3, 2, 2)","[[1], [2, 3], [4], [5, 6, 7], [8, 9], [10]]",0.016652975909194186
"[[1, 2, 3], [4], [5], [6], [7, 8, 9], [10]]",0.017120803912088683,0.002155861309304341,"(3, 2, 2, 3, 2, 2)","[[1, 2], [3], [4], [5, 6, 7], [8, 9], [10]]",0.016652975909194186
"[[1, 2, 3], [4], [5], [6, 7], [8], [9, 10]]",0.016652975909194165,0.002155861309304341,"(2, 2, 3, 2, 3, 2)","[[1], [2], [3, 4, 5], [6, 7], [8, 9], [10]]",0.016652975909194175
"[[1, 2, 3], [4], [5], [6, 7], [8, 9], [10]]",0.016652975909194175,0.002155861309304341,"(2, 3, 2, 3, 2, 2)","[[1], [2, 3], [4], [5, 6, 7], [8], [9, 10]]",0.016652975909194175
"[[1, 2, 3], [4], [5], [6, 7, 8], [9], [10]]",0.01712080391208869,0.002155861309304341,"(2, 3, 2, 2, 3, 2)","[[1], [2, 3, 4], [5], [6, 7], [8, 9], [10]]",0.016652975909194175
"[[1, 2, 3], [4], [5, 6], [7], [8], [9, 10]]",0.016652975909194154,0.002155861309304341,"(3, 2, 2, 3, 2, 2)","[[1, 2], [3], [4], [5, 6, 7], [8], [9, 10]]",0.016652975909194175
"[[1, 2, 3], [4], [5, 6], [7], [8, 9], [10]]",0.016652975909194165,0.002155861309304341,"(3, 2, 2, 2, 3, 2)","[[1, 2, 3], [4], [5], [6, 7], [8, 9], [10]]",0.016652975909194175
"[[1, 2, 3], [4], [5, 6], [7, 8], [9], [10]]",0.016652975909194245,0.002155861309304341,"(2, 2, 3, 2, 2, 3)","[[1], [2], [3, 4, 5], [6, 7], [8], [9, 10]]",0.01665297590919417
"[[1, 2, 3], [4], [5, 6, 7], [8], [9], [10]]",0.017120803912088672,0.002155861309304341,"(2, 3, 3, 2, 2, 2)","[[1], [2, 3], [4, 5, 6], [7], [8, 9], [10]]",0.016652975909194165
"[[1, 2, 3], [4, 5], [6], [7], [8], [9, 10]]",0.016652975909194147,0.002155861309304341,"(2, 3, 2, 2, 2, 3)","[[1], [2, 3, 4], [5], [6, 7], [8], [9, 10]]",0.016652975909194165
"[[1, 2, 3], [4, 5], [6], [7], [8, 9], [10]]",0.016652975909194154,0.002155861309304341,"(2, 3, 2, 2, 3, 2)","[[1], [2, 3, 4], [5, 6], [7], [8, 9], [10]]",0.016652975909194165
"[[1, 2, 3], [4, 5], [6], [7, 8], [9], [10]]",0.016652975909194238,0.002155861309304341,"(3, 2, 3, 2, 2, 2)","[[1, 2], [3], [4, 5, 6], [7], [8, 9], [10]]",0.016652975909194165
"[[1, 2, 3], [4, 5], [6, 7], [8], [9], [10]]",0.016652975909194217,0.002155861309304341,"(3, 2, 2, 2, 2, 3)","[[1, 2, 3], [4], [5], [6, 7], [8], [9, 10]]",0.016652975909194165
"[[1, 2, 3], [4, 5, 6], [7], [8], [9], [10]]",0.017120803912088672,0.002155861309304341,"(3, 2, 2, 2, 3, 2)","[[1, 2, 3], [4], [5, 6], [7], [8, 9], [10]]",0.016652975909194165
"[[1, 2, 3, 4], [5], [6], [7], [8], [9, 10]]",0.017326280792285927,0.002155861309304341,"(2, 3, 3, 2, 2, 2)","[[1], [2, 3], [4, 5, 6], [7], [8], [9, 10]]",0.016652975909194154
"[[1, 2, 3, 4], [5], [6], [7], [8, 9], [10]]",0.01732628079228595,0.002155861309304341,"(2, 3, 2, 2, 2, 3)","[[1], [2, 3, 4], [5, 6], [7], [8], [9, 10]]",0.016652975909194154
"[[1, 2, 3, 4], [5], [6], [7, 8], [9], [10]]",0.01732628079228604,0.002155861309304341,"(3, 2, 3, 2, 2, 2)","[[1, 2], [3], [4, 5, 6], [7], [8], [9, 10]]",0.016652975909194154
"[[1, 2, 3, 4], [5], [6, 7], [8], [9], [10]]",0.01732628079228601,0.002155861309304452,"(2, 3, 2, 2, 3, 2)","[[1, 2], [3, 4, 5], [6], [7], [8, 9], [10]]",0.016652975909194154
"[[1, 2, 3, 4], [5, 6], [7], [8], [9], [10]]",0.01732628079228603,0.002155861309304341,"(3, 2, 2, 2, 2, 3)","[[1, 2, 3], [4], [5, 6], [7], [8], [9, 10]]",0.016652975909194154
"[[1, 2, 3, 4, 5], [6], [7], [8], [9], [10]]",0.01817495445299959,0.002155861309304452,"(3, 2, 2, 2, 3, 2)","[[1, 2, 3], [4, 5], [6], [7], [8, 9], [10]]",0.016652975909194154
"[[1], [2], [3], [4], [5], [6], [7, 8, 9, 10]]",0.017259941019453506,0.002155861309304452,"(2, 3, 2, 2, 2, 3)","[[1, 2], [3, 4, 5], [6], [7], [8], [9, 10]]",0.016652975909194147
"[[1], [2], [3], [4], [5], [6, 7], [8, 9, 10]]",0.01668859373294419,0.002155861309304452,"(3, 2, 2, 2, 2, 3)","[[1, 2, 3], [4, 5], [6], [7], [8], [9, 10]]",0.016652975909194147
"[[1], [2], [3], [4], [5], [6, 7, 8], [9, 10]]",0.016688593732944103,0.0018586132147891954,"(2, 2, 3, 3, 3)","[[1, 2], [3, 4], [5, 6], [7, 8, 9], [10]]",0.01653243499043338
"[[1], [2], [3], [4], [5], [6, 7, 8, 9], [10]]",0.0172599410194536,0.0018586132147891954,"(2, 2, 3, 3, 3)","[[1, 2], [3, 4], [5, 6, 7], [8, 9], [10]]",0.01653243499043338
"[[1], [2], [3], [4], [5, 6], [7], [8, 9, 10]]",0.0166885937329441,0.0018586132147893064,"(2, 3, 2, 3, 3)","[[1, 2], [3, 4, 5], [6, 7], [8, 9], [10]]",0.016532434990433366
"[[1], [2], [3], [4], [5, 6], [7, 8], [9, 10]]",0.01629160825620214,0.0018586132147893064,"(3, 2, 2, 3, 3)","[[1, 2, 3], [4, 5], [6, 7], [8, 9], [10]]",0.016532434990433366
"[[1], [2], [3], [4], [5, 6], [7, 8, 9], [10]]",0.016688593732944117,0.0018586132147891954,"(3, 2, 3, 3, 2)","[[1], [2, 3], [4, 5, 6], [7, 8], [9, 10]]",0.016532434990433324
"[[1], [2], [3], [4], [5, 6, 7], [8], [9, 10]]",0.016688593732944103,0.0018586132147890844,"(3, 3, 2, 3, 2)","[[1], [2, 3, 4], [5, 6], [7, 8], [9, 10]]",0.016532434990433324
"[[1], [2], [3], [4], [5, 6, 7], [8, 9], [10]]",0.016688593732944176,0.0018586132147891954,"(2, 3, 3, 3, 2)","[[1, 2], [3], [4, 5, 6], [7, 8], [9, 10]]",0.016532434990433324
"[[1], [2], [3], [4], [5, 6, 7, 8], [9], [10]]",0.01725994101945352,0.0018586132147891954,"(2, 3, 3, 3, 2)","[[1, 2], [3, 4], [5], [6, 7, 8], [9, 10]]",0.016532434990433324
"[[1], [2], [3], [4, 5], [6], [7], [8, 9, 10]]",0.0166885937329441,0.0018586132147890844,"(3, 3, 2, 3, 2)","[[1, 2, 3], [4], [5, 6], [7, 8], [9, 10]]",0.016532434990433324
"[[1], [2], [3], [4, 5], [6], [7, 8], [9, 10]]",0.01629160825620214,0.0018586132147891954,"(2, 3, 3, 3, 2)","[[1, 2], [3, 4, 5], [6], [7, 8], [9, 10]]",0.01653243499043331
"[[1], [2], [3], [4, 5], [6], [7, 8, 9], [10]]",0.016688593732944117,0.0018586132147891954,"(3, 2, 3, 3, 2)","[[1, 2, 3], [4, 5], [6], [7, 8], [9, 10]]",0.01653243499043331
"[[1], [2], [3], [4, 5], [6, 7], [8], [9, 10]]",0.016291608256202232,0.0018586132147891954,"(2, 2, 3, 3, 3)","[[1, 2], [3, 4], [5], [6, 7], [8, 9, 10]]",0.016532434990433303
"[[1], [2], [3], [4, 5], [6, 7], [8, 9], [10]]",0.016291608256202315,0.0018586132147891954,"(2, 2, 3, 3, 3)","[[1, 2], [3, 4], [5, 6], [7], [8, 9, 10]]",0.016532434990433303
"[[1], [2], [3], [4, 5], [6, 7, 8], [9], [10]]",0.016688593732944196,0.0018586132147891954,"(2, 2, 3, 3, 3)","[[1, 2], [3, 4], [5, 6, 7], [8], [9, 10]]",0.0165324349904333
"[[1], [2], [3], [4, 5, 6], [7], [8], [9, 10]]",0.016688593732944085,0.0018586132147891954,"(2, 3, 3, 3, 2)","[[1, 2], [3, 4, 5], [6, 7], [8], [9, 10]]",0.01653243499043329
"[[1], [2], [3], [4, 5, 6], [7], [8, 9], [10]]",0.016688593732944162,0.0018586132147891954,"(3, 2, 3, 3, 2)","[[1, 2, 3], [4, 5], [6, 7], [8], [9, 10]]",0.01653243499043329
"[[1], [2], [3], [4, 5, 6], [7, 8], [9], [10]]",0.016688593732944196,0.0018586132147891954,"(3, 3, 2, 3, 2)","[[1], [2, 3], [4, 5], [6, 7, 8], [9, 10]]",0.016532434990433286
"[[1], [2], [3], [4, 5, 6, 7], [8], [9], [10]]",0.01725994101945345,0.0018586132147891954,"(3, 3, 2, 3, 2)","[[1, 2], [3], [4, 5], [6, 7, 8], [9, 10]]",0.016532434990433286
"[[1], [2], [3, 4], [5], [6], [7], [8, 9, 10]]",0.0166885937329441,0.0018586132147891954,"(3, 2, 2, 3, 3)","[[1], [2, 3], [4, 5], [6, 7], [8, 9, 10]]",0.016532434990433265
"[[1], [2], [3, 4], [5], [6], [7, 8], [9, 10]]",0.01629160825620214,0.0018586132147891954,"(2, 3, 2, 3, 3)","[[1, 2], [3], [4, 5], [6, 7], [8, 9, 10]]",0.016532434990433265
"[[1], [2], [3, 4], [5], [6], [7, 8, 9], [10]]",0.016688593732944117,0.0032798797864305174,"(2, 2, 2, 2, 3, 2, 2, 2)","[[1], [2], [3], [4, 5], [6, 7], [8], [9], [10]]",0.016327913706647115
"[[1], [2], [3, 4], [5], [6, 7], [8], [9, 10]]",0.016291608256202232,0.0032798797864306284,"(2, 2, 2, 2, 3, 2, 2, 2)","[[1], [2], [3, 4], [5], [6, 7], [8], [9], [10]]",0.016327913706647115
"[[1], [2], [3, 4], [5], [6, 7], [8, 9], [10]]",0.016291608256202315,0.0032798797864305174,"(2, 3, 2, 2, 2, 2, 2, 2)","[[1], [2, 3], [4], [5], [6, 7], [8], [9], [10]]",0.01632791370664711
"[[1], [2], [3, 4], [5], [6, 7, 8], [9], [10]]",0.016688593732944196,0.0032798797864305174,"(3, 2, 2, 2, 2, 2, 2, 2)","[[1, 2], [3], [4], [5], [6, 7], [8], [9], [10]]",0.01632791370664711
"[[1], [2], [3, 4], [5, 6], [7], [8], [9, 10]]",0.016291608256202204,0.0032798797864306284,"(2, 2, 2, 2, 2, 2, 2, 3)","[[1], [2], [3], [4], [5], [6, 7], [8], [9, 10]]",0.0163279137066471
"[[1], [2], [3, 4], [5, 6], [7], [8, 9], [10]]",0.01629160825620228,0.0032798797864306284,"(2, 2, 2, 2, 2, 2, 3, 2)","[[1], [2], [3], [4], [5], [6, 7], [8, 9], [10]]",0.0163279137066471
"[[1], [2], [3, 4], [5, 6], [7, 8], [9], [10]]",0.016291608256202326,0.0032798797864306284,"(2, 3, 2, 2, 2, 2, 2, 2)","[[1, 2], [3, 4], [5], [6], [7], [8], [9], [10]]",0.0163279137066471
"[[1], [2], [3, 4], [5, 6, 7], [8], [9], [10]]",0.016688593732944148,0.0032798797864305174,"(2, 3, 2, 2, 2, 2, 2, 2)","[[1], [2, 3], [4, 5], [6], [7], [8], [9], [10]]",0.01632791370664708
"[[1], [2], [3, 4, 5], [6], [7], [8], [9, 10]]",0.016688593732944085,0.0032798797864305174,"(3, 2, 2, 2, 2, 2, 2, 2)","[[1, 2], [3], [4, 5], [6], [7], [8], [9], [10]]",0.01632791370664708
"[[1], [2], [3, 4, 5], [6], [7], [8, 9], [10]]",0.016688593732944162,0.0032798797864306284,"(2, 2, 2, 2, 2, 2, 2, 3)","[[1], [2], [3], [4], [5], [6], [7, 8], [9, 10]]",0.016327913706647077
"[[1], [2], [3, 4, 5], [6], [7, 8], [9], [10]]",0.016688593732944196,0.0032798797864306284,"(2, 2, 2, 3, 2, 2, 2, 2)","[[1], [2], [3, 4], [5, 6], [7], [8], [9], [10]]",0.016327913706647074
"[[1], [2], [3, 4, 5], [6, 7], [8], [9], [10]]",0.01668859373294413,0.0032798797864305174,"(2, 3, 2, 2, 2, 2, 2, 2)","[[1], [2, 3], [4], [5, 6], [7], [8], [9], [10]]",0.016327913706647067
"[[1], [2], [3, 4, 5, 6], [7], [8], [9], [10]]",0.01725994101945348,0.0032798797864305174,"(3, 2, 2, 2, 2, 2, 2, 2)","[[1, 2], [3], [4], [5, 6], [7], [8], [9], [10]]",0.016327913706647067
"[[1], [2, 3], [4], [5], [6], [7], [8, 9, 10]]",0.01668859373294409,0.0032798797864306284,"(2, 2, 2, 2, 2, 3, 2, 2)","[[1], [2], [3], [4], [5, 6], [7, 8], [9], [10]]",0.016327913706647032
"[[1], [2, 3], [4], [5], [6], [7, 8], [9, 10]]",0.016291608256202128,0.0032798797864306284,"(2, 2, 2, 2, 2, 3, 2, 2)","[[1], [2], [3], [4, 5], [6], [7, 8], [9], [10]]",0.016327913706647032
"[[1], [2, 3], [4], [5], [6], [7, 8, 9], [10]]",0.016688593732944103,0.0032798797864306284,"(2, 2, 3, 2, 2, 2, 2, 2)","[[1], [2], [3, 4], [5], [6], [7, 8], [9], [10]]",0.016327913706647032
"[[1], [2, 3], [4], [5], [6, 7], [8], [9, 10]]",0.01629160825620222,0.0032798797864305174,"(2, 3, 2, 2, 2, 2, 2, 2)","[[1], [2, 3], [4], [5], [6], [7, 8], [9], [10]]",0.016327913706647025
"[[1], [2, 3], [4], [5], [6, 7], [8, 9], [10]]",0.016291608256202305,0.0032798797864305174,"(3, 2, 2, 2, 2, 2, 2, 2)","[[1, 2], [3], [4], [5], [6], [7, 8], [9], [10]]",0.016327913706647025
"[[1], [2, 3], [4], [5], [6, 7, 8], [9], [10]]",0.016688593732944186,0.0032798797864305174,"(2, 2, 2, 2, 2, 2, 2, 3)","[[1], [2], [3], [4], [5, 6], [7], [8], [9, 10]]",0.01632791370664702
"[[1], [2, 3], [4], [5, 6], [7], [8], [9, 10]]",0.016291608256202194,0.0032798797864305174,"(2, 2, 2, 2, 2, 2, 3, 2)","[[1], [2], [3], [4], [5, 6], [7], [8, 9], [10]]",0.01632791370664702
"[[1], [2, 3], [4], [5, 6], [7], [8, 9], [10]]",0.01629160825620227,0.0032798797864305174,"(2, 2, 2, 2, 2, 2, 2, 3)","[[1], [2], [3], [4, 5], [6], [7], [8], [9, 10]]",0.01632791370664702
"[[1], [2, 3], [4], [5, 6], [7, 8], [9], [10]]",0.016291608256202315,0.0032798797864305174,"(2, 2, 2, 2, 2, 2, 3, 2)","[[1], [2], [3], [4, 5], [6], [7], [8, 9], [10]]",0.01632791370664702
"[[1], [2, 3], [4], [5, 6, 7], [8], [9], [10]]",0.01668859373294414,0.0032798797864305174,"(2, 2, 3, 2, 2, 2, 2, 2)","[[1], [2], [3, 4], [5], [6], [7], [8], [9, 10]]",0.01632791370664702
"[[1], [2, 3], [4, 5], [6], [7], [8], [9, 10]]",0.01629160825620221,0.0032798797864305174,"(2, 2, 3, 2, 2, 2, 2, 2)","[[1], [2], [3, 4], [5], [6], [7], [8, 9], [10]]",0.01632791370664702
"[[1], [2, 3], [4, 5], [6], [7], [8, 9], [10]]",0.016291608256202277,0.0032798797864304063,"(2, 3, 2, 2, 2, 2, 2, 2)","[[1], [2, 3], [4], [5], [6], [7], [8], [9, 10]]",0.01632791370664701
"[[1], [2, 3], [4, 5], [6], [7, 8], [9], [10]]",0.016291608256202322,0.0032798797864304063,"(2, 3, 2, 2, 2, 2, 2, 2)","[[1], [2, 3], [4], [5], [6], [7], [8, 9], [10]]",0.01632791370664701
"[[1], [2, 3], [4, 5], [6, 7], [8], [9], [10]]",0.01629160825620226,0.0032798797864304063,"(3, 2, 2, 2, 2, 2, 2, 2)","[[1, 2], [3], [4], [5], [6], [7], [8], [9, 10]]",0.01632791370664701
"[[1], [2, 3], [4, 5, 6], [7], [8], [9], [10]]",0.01668859373294413,0.0032798797864304063,"(3, 2, 2, 2, 2, 2, 2, 2)","[[1, 2], [3], [4], [5], [6], [7], [8, 9], [10]]",0.01632791370664701
"[[1], [2, 3, 4], [5], [6], [7], [8], [9, 10]]",0.016688593732944085,0.004043050957970085,"(2, 2, 2, 2, 2, 2, 2, 2, 2)","[[1], [2], [3], [4], [5], [6], [7], [8], [9, 10]]",0.016318035149995976
"[[1], [2, 3, 4], [5], [6], [7], [8, 9], [10]]",0.016688593732944162,0.004043050957970085,"(2, 2, 2, 2, 2, 2, 2, 2, 2)","[[1], [2], [3], [4], [5], [6, 7], [8], [9], [10]]",0.016318035149995976
"[[1], [2, 3, 4], [5], [6], [7, 8], [9], [10]]",0.016688593732944196,0.004043050957970085,"(2, 2, 2, 2, 2, 2, 2, 2, 2)","[[1], [2], [3], [4], [5], [6], [7, 8], [9], [10]]",0.016318035149995955
"[[1], [2, 3, 4], [5], [6, 7], [8], [9], [10]]",0.01668859373294413,0.004043050957969974,"(2, 2, 2, 2, 2, 2, 2, 2, 2)","[[1], [2], [3], [4], [5, 6], [7], [8], [9], [10]]",0.016318035149995906
"[[1], [2, 3, 4], [5, 6], [7], [8], [9], [10]]",0.01668859373294413,0.004043050957969974,"(2, 2, 2, 2, 2, 2, 2, 2, 2)","[[1], [2], [3], [4, 5], [6], [7], [8], [9], [10]]",0.016318035149995906
"[[1], [2, 3, 4, 5], [6], [7], [8], [9], [10]]",0.017259941019453443,0.004043050957970085,"(2, 2, 2, 2, 2, 2, 2, 2, 2)","[[1], [2], [3, 4], [5], [6], [7], [8], [9], [10]]",0.016318035149995906
"[[1, 2], [3], [4], [5], [6], [7], [8, 9, 10]]",0.01668859373294409,0.004043050957970085,"(2, 2, 2, 2, 2, 2, 2, 2, 2)","[[1], [2, 3], [4], [5], [6], [7], [8], [9], [10]]",0.0163180351499959
"[[1, 2], [3], [4], [5], [6], [7, 8], [9, 10]]",0.016291608256202128,0.004043050957970085,"(2, 2, 2, 2, 2, 2, 2, 2, 2)","[[1, 2], [3], [4], [5], [6], [7], [8], [9], [10]]",0.0163180351499959
"[[1, 2], [3], [4], [5], [6], [7, 8, 9], [10]]",0.016688593732944103,0.004043050957970085,"(2, 2, 2, 2, 2, 2, 2, 2, 2)","[[1], [2], [3], [4], [5], [6], [7], [8, 9], [10]]",0.01631803514999587
"[[1, 2], [3], [4], [5], [6, 7], [8], [9, 10]]",0.01629160825620222,0.0033699411997032414,"(2, 2, 2, 2, 3, 2, 2)","[[1, 2], [3, 4], [5], [6], [7, 8], [9], [10]]",0.016291608256202347
"[[1, 2], [3], [4], [5], [6, 7], [8, 9], [10]]",0.016291608256202305,0.0033699411997032414,"(2, 2, 2, 2, 3, 2, 2)","[[1], [2], [3, 4], [5, 6], [7, 8], [9], [10]]",0.016291608256202326
"[[1, 2], [3], [4], [5], [6, 7, 8], [9], [10]]",0.016688593732944186,0.0033699411997032414,"(2, 2, 2, 2, 3, 2, 2)","[[1], [2, 3], [4, 5], [6], [7, 8], [9], [10]]",0.016291608256202322
"[[1, 2], [3], [4], [5, 6], [7], [8], [9, 10]]",0.016291608256202194,0.0033699411997032414,"(2, 2, 2, 2, 3, 2, 2)","[[1, 2], [3], [4, 5], [6], [7, 8], [9], [10]]",0.016291608256202322
"[[1, 2], [3], [4], [5, 6], [7], [8, 9], [10]]",0.01629160825620227,0.0033699411997032414,"(2, 2, 2, 2, 2, 3, 2)","[[1], [2], [3], [4, 5], [6, 7], [8, 9], [10]]",0.016291608256202315
"[[1, 2], [3], [4], [5, 6], [7, 8], [9], [10]]",0.016291608256202315,0.0033699411997033524,"(2, 2, 2, 2, 2, 3, 2)","[[1], [2], [3, 4], [5], [6, 7], [8, 9], [10]]",0.016291608256202315
"[[1, 2], [3], [4], [5, 6, 7], [8], [9], [10]]",0.01668859373294414,0.0033699411997032414,"(2, 2, 2, 2, 3, 2, 2)","[[1], [2, 3], [4], [5, 6], [7, 8], [9], [10]]",0.016291608256202315
"[[1, 2], [3], [4, 5], [6], [7], [8], [9, 10]]",0.01629160825620221,0.0033699411997032414,"(2, 2, 2, 2, 3, 2, 2)","[[1, 2], [3], [4], [5, 6], [7, 8], [9], [10]]",0.016291608256202315
"[[1, 2], [3], [4, 5], [6], [7], [8, 9], [10]]",0.016291608256202277,0.0033699411997032414,"(2, 3, 2, 2, 2, 2, 2)","[[1], [2, 3], [4], [5], [6, 7], [8, 9], [10]]",0.016291608256202305
"[[1, 2], [3], [4, 5], [6], [7, 8], [9], [10]]",0.016291608256202322,0.0033699411997032414,"(3, 2, 2, 2, 2, 2, 2)","[[1, 2], [3], [4], [5], [6, 7], [8, 9], [10]]",0.016291608256202305
"[[1, 2], [3], [4, 5], [6, 7], [8], [9], [10]]",0.01629160825620226,0.0033699411997032414,"(2, 2, 2, 2, 2, 3, 2)","[[1, 2], [3, 4], [5], [6], [7], [8, 9], [10]]",0.0162916082562023
"[[1, 2], [3], [4, 5, 6], [7], [8], [9], [10]]",0.01668859373294413,0.0033699411997032414,"(2, 2, 2, 3, 2, 2, 2)","[[1, 2], [3, 4], [5], [6, 7], [8], [9], [10]]",0.016291608256202288
"[[1, 2], [3, 4], [5], [6], [7], [8], [9, 10]]",0.016291608256202236,0.0033699411997032414,"(2, 2, 3, 2, 2, 2, 2)","[[1, 2], [3, 4], [5, 6], [7], [8], [9], [10]]",0.016291608256202288
"[[1, 2], [3, 4], [5], [6], [7], [8, 9], [10]]",0.0162916082562023,0.0033699411997032414,"(2, 2, 2, 2, 2, 3, 2)","[[1], [2], [3, 4], [5, 6], [7], [8, 9], [10]]",0.01629160825620228
"[[1, 2], [3, 4], [5], [6], [7, 8], [9], [10]]",0.016291608256202347,0.0033699411997032414,"(2, 2, 2, 2, 2, 3, 2)","[[1], [2, 3], [4, 5], [6], [7], [8, 9], [10]]",0.016291608256202277
"[[1, 2], [3, 4], [5], [6, 7], [8], [9], [10]]",0.016291608256202288,0.0033699411997032414,"(2, 2, 2, 2, 2, 3, 2)","[[1, 2], [3], [4, 5], [6], [7], [8, 9], [10]]",0.016291608256202277
"[[1, 2], [3, 4], [5, 6], [7], [8], [9], [10]]",0.016291608256202288,0.0033699411997032414,"(2, 2, 2, 2, 2, 3, 2)","[[1], [2, 3], [4], [5, 6], [7], [8, 9], [10]]",0.01629160825620227
"[[1, 2], [3, 4, 5], [6], [7], [8], [9], [10]]",0.016688593732944124,0.0033699411997032414,"(2, 2, 2, 2, 2, 3, 2)","[[1, 2], [3], [4], [5, 6], [7], [8, 9], [10]]",0.01629160825620227
"[[1, 2, 3], [4], [5], [6], [7], [8], [9, 10]]",0.016688593732944085,0.0033699411997032414,"(2, 2, 2, 3, 2, 2, 2)","[[1], [2, 3], [4, 5], [6, 7], [8], [9], [10]]",0.01629160825620226
"[[1, 2, 3], [4], [5], [6], [7], [8, 9], [10]]",0.016688593732944162,0.0033699411997032414,"(2, 2, 2, 3, 2, 2, 2)","[[1, 2], [3], [4, 5], [6, 7], [8], [9], [10]]",0.01629160825620226
"[[1, 2, 3], [4], [5], [6], [7, 8], [9], [10]]",0.016688593732944196,0.0033699411997032414,"(2, 2, 2, 2, 2, 2, 3)","[[1, 2], [3, 4], [5], [6], [7], [8], [9, 10]]",0.016291608256202236
"[[1, 2, 3], [4], [5], [6, 7], [8], [9], [10]]",0.01668859373294413,0.0033699411997032414,"(2, 2, 2, 2, 2, 2, 3)","[[1], [2], [3], [4, 5], [6, 7], [8], [9, 10]]",0.016291608256202232
"[[1, 2, 3], [4], [5, 6], [7], [8], [9], [10]]",0.01668859373294413,0.0033699411997033524,"(2, 2, 2, 2, 2, 2, 3)","[[1], [2], [3, 4], [5], [6, 7], [8], [9, 10]]",0.016291608256202232
"[[1, 2, 3], [4, 5], [6], [7], [8], [9], [10]]",0.016688593732944124,0.0033699411997032414,"(2, 3, 2, 2, 2, 2, 2)","[[1], [2, 3], [4], [5], [6, 7], [8], [9, 10]]",0.01629160825620222
"[[1, 2, 3, 4], [5], [6], [7], [8], [9], [10]]",0.017259941019453443,0.0033699411997032414,"(3, 2, 2, 2, 2, 2, 2)","[[1, 2], [3], [4], [5], [6, 7], [8], [9, 10]]",0.01629160825620222
"[[1], [2], [3], [4], [5], [6], [7], [8, 9, 10]]",0.01667180237587473,0.0033699411997032414,"(2, 2, 2, 2, 2, 2, 3)","[[1], [2, 3], [4, 5], [6], [7], [8], [9, 10]]",0.01629160825620221
"[[1], [2], [3], [4], [5], [6], [7, 8], [9, 10]]",0.016327913706647077,0.0033699411997032414,"(2, 2, 2, 2, 2, 2, 3)","[[1, 2], [3], [4, 5], [6], [7], [8], [9, 10]]",0.01629160825620221
"[[1], [2], [3], [4], [5], [6], [7, 8, 9], [10]]",0.01667180237587473,0.0033699411997032414,"(2, 2, 2, 2, 2, 2, 3)","[[1], [2], [3, 4], [5, 6], [7], [8], [9, 10]]",0.016291608256202204
"[[1], [2], [3], [4], [5], [6, 7], [8], [9, 10]]",0.0163279137066471,0.0033699411997032414,"(2, 2, 2, 2, 2, 2, 3)","[[1], [2, 3], [4], [5, 6], [7], [8], [9, 10]]",0.016291608256202194
"[[1], [2], [3], [4], [5], [6, 7], [8, 9], [10]]",0.0163279137066471,0.0033699411997032414,"(2, 2, 2, 2, 2, 2, 3)","[[1, 2], [3], [4], [5, 6], [7], [8], [9, 10]]",0.016291608256202194
"[[1], [2], [3], [4], [5], [6, 7, 8], [9], [10]]",0.016671802375874737,0.0033699411997033524,"(2, 2, 2, 2, 2, 2, 3)","[[1], [2], [3], [4], [5, 6], [7, 8], [9, 10]]",0.01629160825620214
"[[1], [2], [3], [4], [5, 6], [7], [8], [9, 10]]",0.01632791370664702,0.0033699411997033524,"(2, 2, 2, 2, 2, 2, 3)","[[1], [2], [3], [4, 5], [6], [7, 8], [9, 10]]",0.01629160825620214
"[[1], [2], [3], [4], [5, 6], [7], [8, 9], [10]]",0.01632791370664702,0.0033699411997033524,"(2, 2, 3, 2, 2, 2, 2)","[[1], [2], [3, 4], [5], [6], [7, 8], [9, 10]]",0.01629160825620214
"[[1], [2], [3], [4], [5, 6], [7, 8], [9], [10]]",0.016327913706647032,0.0033699411997032414,"(2, 3, 2, 2, 2, 2, 2)","[[1], [2, 3], [4], [5], [6], [7, 8], [9, 10]]",0.016291608256202128
"[[1], [2], [3], [4], [5, 6, 7], [8], [9], [10]]",0.016671802375874737,0.0033699411997032414,"(3, 2, 2, 2, 2, 2, 2)","[[1, 2], [3], [4], [5], [6], [7, 8], [9, 10]]",0.016291608256202128
"[[1], [2], [3], [4, 5], [6], [7], [8], [9, 10]]",0.01632791370664702,0.003953050370894218,"(2, 2, 2, 2, 2, 2, 2, 2, 2, 2)","[[1], [2], [3], [4], [5], [6], [7], [8], [9], [10]]",0.016276348058184786
"[[1], [2], [3], [4, 5], [6], [7], [8, 9], [10]]",0.01632791370664702,0.0026062542448627157,"(2, 2, 3, 3, 2, 2)","[[1, 2], [3, 4], [5, 6], [7, 8], [9], [10]]",0.01618514790629983
"[[1], [2], [3], [4, 5], [6], [7, 8], [9], [10]]",0.016327913706647032,0.0026062542448628268,"(2, 2, 2, 2, 3, 3)","[[1, 2], [3, 4], [5], [6], [7, 8], [9, 10]]",0.016185147906299782
"[[1], [2], [3], [4, 5], [6, 7], [8], [9], [10]]",0.016327913706647115,0.0026062542448628268,"(2, 2, 2, 2, 3, 3)","[[1], [2], [3, 4], [5, 6], [7, 8], [9, 10]]",0.016185147906299758
"[[1], [2], [3], [4, 5, 6], [7], [8], [9], [10]]",0.016671802375874723,0.0026062542448627157,"(2, 3, 2, 2, 3, 2)","[[1], [2, 3], [4, 5], [6], [7, 8], [9, 10]]",0.01618514790629975
"[[1], [2], [3, 4], [5], [6], [7], [8], [9, 10]]",0.01632791370664702,0.0026062542448627157,"(3, 2, 2, 2, 3, 2)","[[1, 2], [3], [4, 5], [6], [7, 8], [9, 10]]",0.01618514790629975
"[[1], [2], [3, 4], [5], [6], [7], [8, 9], [10]]",0.01632791370664702,0.0026062542448627157,"(2, 3, 2, 2, 3, 2)","[[1], [2, 3], [4], [5, 6], [7, 8], [9, 10]]",0.016185147906299744
"[[1], [2], [3, 4], [5], [6], [7, 8], [9], [10]]",0.016327913706647032,0.0026062542448627157,"(3, 2, 2, 2, 3, 2)","[[1, 2], [3], [4], [5, 6], [7, 8], [9, 10]]",0.016185147906299744
"[[1], [2], [3, 4], [5], [6, 7], [8], [9], [10]]",0.016327913706647115,0.0026062542448627157,"(2, 2, 2, 3, 3, 2)","[[1, 2], [3, 4], [5], [6, 7], [8, 9], [10]]",0.01618514790629973
"[[1], [2], [3, 4], [5, 6], [7], [8], [9], [10]]",0.016327913706647074,0.0026062542448627157,"(2, 2, 3, 2, 3, 2)","[[1, 2], [3, 4], [5, 6], [7], [8, 9], [10]]",0.01618514790629973
"[[1], [2], [3, 4, 5], [6], [7], [8], [9], [10]]",0.016671802375874723,0.0026062542448628268,"(2, 2, 2, 3, 2, 3)","[[1, 2], [3, 4], [5], [6, 7], [8], [9, 10]]",0.016185147906299713
"[[1], [2, 3], [4], [5], [6], [7], [8], [9, 10]]",0.01632791370664701,0.0026062542448627157,"(2, 3, 3, 2, 2, 2)","[[1, 2], [3, 4], [5, 6], [7], [8], [9, 10]]",0.016185147906299713
"[[1], [2, 3], [4], [5], [6], [7], [8, 9], [10]]",0.01632791370664701,0.0026062542448627157,"(2, 2, 2, 3, 3, 2)","[[1], [2, 3], [4, 5], [6, 7], [8, 9], [10]]",0.0161851479062997
"[[1], [2, 3], [4], [5], [6], [7, 8], [9], [10]]",0.016327913706647025,0.0026062542448627157,"(2, 2, 2, 3, 3, 2)","[[1, 2], [3], [4, 5], [6, 7], [8, 9], [10]]",0.0161851479062997
"[[1], [2, 3], [4], [5], [6, 7], [8], [9], [10]]",0.01632791370664711,0.0026062542448627157,"(2, 3, 2, 3, 2, 2)","[[1], [2, 3], [4, 5], [6, 7], [8], [9, 10]]",0.01618514790629968
"[[1], [2, 3], [4], [5, 6], [7], [8], [9], [10]]",0.016327913706647067,0.0026062542448627157,"(3, 2, 2, 3, 2, 2)","[[1, 2], [3], [4, 5], [6, 7], [8], [9, 10]]",0.01618514790629968
"[[1], [2, 3], [4, 5], [6], [7], [8], [9], [10]]",0.01632791370664708,0.002696376525441191,"(2, 2, 2, 3, 3)","[[1, 2], [3, 4], [5, 6], [7, 8], [9, 10]]",0.015965370744500676
